999, AAL, 16.79, 16.632505617009304, 0.09044374479071216, 0.3164752483165716, 0.2848277234849144, 0.25318019865325725, 0.22153267382160008, 0.18988514898994294, 0.1582376241582858, 0.12659009932662862, 0.09494257449497147, 0.06329504966331431, 0.031647524831657156, 20220318, 12:02:00
1000, AAL, 16.775, 16.633923471566426, 0.0810591475056086, 0.3172175360283418, 0.2854957824255076, 0.2537740288226734, 0.22205227521983922, 0.19033052161700506, 0.1586087680141709, 0.1268870144113367, 0.09516526080850253, 0.06344350720566835, 0.03172175360283418, 20220318, 12:03:00
1001, AAL, 16.7945, 16.63552124796875, 0.09129146180227052, 0.3188608079049529, 0.2869747271144576, 0.25508864632396233, 0.22320256553346704, 0.19131648474297175, 0.15943040395247646, 0.12754432316198117, 0.09565824237148587, 0.06377216158099058, 0.03188608079049529, 20220318, 12:04:00
1002, AAL, 16.775, 16.636909096247667, 0.07935094925988104, 0.31947278963557113, 0.287525510672014, 0.2555782317084569, 0.22363095274489977, 0.19168367378134266, 0.15973639481778557, 0.12778911585422845, 0.09584183689067133, 0.06389455792711422, 0.03194727896355711, 20220318, 12:05:00
1003, AAL, 16.78, 16.638332886334755, 0.08139698968164247, 0.3202431298768691, 0.2882188168891822, 0.2561945039014953, 0.22417019091380838, 0.19214587792612148, 0.16012156493843455, 0.12809725195074764, 0.09607293896306074, 0.06404862597537382, 0.03202431298768691, 20220318, 12:06:00
1004, AAL, 16.78, 16.6397425093563, 0.08059058918064686, 0.32097812371209405, 0.28888031134088465, 0.25678249896967525, 0.22468468659846585, 0.19258687422725645, 0.16048906185604703, 0.12839124948483763, 0.09629343711362823, 0.06419562474241881, 0.03209781237120941, 20220318, 12:07:00
1005, AAL, 16.79, 16.64123760876569, 0.08545434055618498, 0.3219599312151549, 0.28976393809363943, 0.25756794497212393, 0.22537195185060843, 0.19317595872909293, 0.16097996560757746, 0.12878397248606197, 0.09658797936454647, 0.06439198624303098, 0.03219599312151549, 20220318, 12:08:00
1006, AAL, 16.7668, 16.642486985792896, 0.07146219334929278, 0.32149405897578703, 0.28934465307820834, 0.25719524718062964, 0.22504584128305094, 0.19289643538547224, 0.16074702948789352, 0.12859762359031482, 0.09644821769273612, 0.06429881179515741, 0.032149405897578705, 20220318, 12:09:00
1007, AAL, 16.75, 16.643556767028787, 0.061217414563718556, 0.32028909315328824, 0.2882601838379594, 0.2562312745226306, 0.2242023652073018, 0.19217345589197296, 0.16014454657664412, 0.1281156372613153, 0.09608672794598648, 0.06405781863065765, 0.03202890931532883, 20220318, 12:10:00
1008, AAL, 16.755, 16.64466565491905, 0.0634493671049213, 0.31828385547450444, 0.286455469927054, 0.2546270843796036, 0.22279869883215314, 0.19097031328470268, 0.15914192773725222, 0.1273135421898018, 0.09548515664235134, 0.0636567710949009, 0.03182838554745045, 20220318, 12:11:00
1009, AAL, 16.74, 16.645614255367615, 0.0542974249764767, 0.31700982524139065, 0.2853088427172516, 0.25360786019311254, 0.2219068776689735, 0.1902058951448344, 0.15850491262069533, 0.12680393009655627, 0.0951029475724172, 0.06340196504827814, 0.03170098252413907, 20220318, 12:12:00
1010, AAL, 16.745, 16.64660316824953, 0.05660006404427767, 0.31611267256763675, 0.2845014053108731, 0.2528901380541094, 0.22127887079734576, 0.18966760354058207, 0.15805633628381838, 0.1264450690270547, 0.09483380177029103, 0.06322253451352736, 0.03161126725676368, 20220318, 12:13:00
1011, AAL, 16.7658, 16.6477892063764, 0.06785072239203624, 0.3140075683440371, 0.28260681150963335, 0.25120605467522966, 0.21980529784082595, 0.18840454100642223, 0.15700378417201855, 0.12560302733761483, 0.09420227050321112, 0.06280151366880742, 0.03140075683440371, 20220318, 12:14:00
1012, AAL, 16.7753, 16.64905797049206, 0.07256724173244962, 0.3112718280400119, 0.28014464523601074, 0.24901746243200953, 0.21789027962800833, 0.18676309682400716, 0.15563591402000596, 0.12450873121600477, 0.09338154841200358, 0.062254365608002384, 0.031127182804001192, 20220318, 12:15:00
1013, AAL, 16.77, 16.650261373770746, 0.06884103271890928, 0.30566204034326583, 0.27509583630893925, 0.24452963227461266, 0.21396342824028608, 0.1833972242059595, 0.15283102017163291, 0.12226481613730633, 0.09169861210297975, 0.061132408068653166, 0.030566204034326583, 20220318, 12:16:00
1014, AAL, 16.7701, 16.651453797912332, 0.06821492348092165, 0.30127751124066854, 0.2711497601166017, 0.24102200899253481, 0.21089425786846797, 0.18076650674440112, 0.15063875562033427, 0.12051100449626741, 0.09038325337220056, 0.060255502248133704, 0.030127751124066852, 20220318, 12:17:00
1015, AAL, 16.792, 16.652852267584844, 0.07995565783038379, 0.2976136008054177, 0.26785224072487596, 0.23809088064433417, 0.2083295205637924, 0.17856816048325064, 0.14880680040270886, 0.11904544032216709, 0.08928408024162532, 0.059522720161083544, 0.029761360080541772, 20220318, 12:18:00
1016, AAL, 16.775, 16.654067667907384, 0.06952512848883599, 0.29422497697345334, 0.264802479276108, 0.2353799815787627, 0.20595748388141735, 0.176534986184072, 0.14711248848672667, 0.11768999078938135, 0.088267493092036, 0.05884499539469067, 0.029422497697345337, 20220318, 12:19:00
1017, AAL, 16.775, 16.655270974694375, 0.06883553030421338, 0.2877658328669044, 0.25898924958021396, 0.23021266629352352, 0.20143608300683308, 0.17265949972014263, 0.1438829164334522, 0.11510633314676176, 0.08632974986007132, 0.05755316657338088, 0.02877658328669044, 20220318, 12:20:00
1018, AAL, 16.7737, 16.65644937295612, 0.06741498922745104, 0.2805618582579749, 0.2525056724321774, 0.22444948660637992, 0.19639330078058242, 0.16833711495478493, 0.14028092912898746, 0.11222474330318996, 0.08416855747739246, 0.05611237165159498, 0.02805618582579749, 20220318, 12:21:00
1019, AAL, 16.785, 16.657728483672976, 0.0731569171658442, 0.27171131383866154, 0.24454018245479536, 0.21736905107092921, 0.19019791968706307, 0.16302678830319692, 0.13585565691933077, 0.10868452553546461, 0.08151339415159846, 0.054342262767732304, 0.027171131383866152, 20220318, 12:22:00
1020, AAL, 16.78, 16.65894511567623, 0.06959535774261658, 0.26491091084928786, 0.23841981976435908, 0.2119287286794303, 0.18543763759450152, 0.15894654650957274, 0.13245545542464393, 0.10596436433971515, 0.07947327325478637, 0.052982182169857575, 0.026491091084928788, 20220318, 12:23:00
1021, AAL, 16.7701, 16.660051134425718, 0.0632856365237233, 0.2606343143795196, 0.23457088294156764, 0.2085074515036157, 0.18244402006566374, 0.15638058862771176, 0.1303171571897598, 0.10425372575180784, 0.07819029431385588, 0.05212686287590392, 0.02606343143795196, 20220318, 12:24:00
1022, AAL, 16.775, 16.661194904232428, 0.06543966587758307, 0.2550277117507864, 0.22952494057570777, 0.20402216940062912, 0.17851939822555046, 0.15301662705047184, 0.1275138558753932, 0.10201108470031456, 0.07650831352523592, 0.05100554235015728, 0.02550277117507864, 20220318, 12:25:00
1023, AAL, 16.755, 16.662128288269916, 0.05342811508740174, 0.2488363689968591, 0.2239527320971732, 0.19906909519748728, 0.17418545829780135, 0.14930182139811546, 0.12441818449842955, 0.09953454759874364, 0.07465091069905773, 0.04976727379937182, 0.02488363689968591, 20220318, 12:26:00
1024, AAL, 16.755, 16.663052384904045, 0.05289748816780238, 0.24179878461042528, 0.21761890614938276, 0.19343902768834023, 0.1692591492272977, 0.14507927076625518, 0.12089939230521264, 0.09671951384417012, 0.07253963538312759, 0.04835975692208506, 0.02417987846104253, 20220318, 12:27:00
1025, AAL, 16.765, 16.664066789034354, 0.058055811161139094, 0.23627609932322075, 0.21264848939089867, 0.1890208794585766, 0.16539326952625452, 0.14176565959393245, 0.11813804966161037, 0.0945104397292883, 0.07088282979696622, 0.04725521986464415, 0.023627609932322075, 20220318, 12:28:00
1026, AAL, 16.755, 16.664971597103666, 0.051795359511291335, 0.23100232651741653, 0.20790209386567488, 0.18480186121393322, 0.16170162856219156, 0.1386013959104499, 0.11550116325870827, 0.09240093060696661, 0.06930069795522495, 0.046200465303483304, 0.023100232651741652, 20220318, 12:29:00
1027, AAL, 16.75, 16.66581765086383, 0.0484374339991763, 0.22807410714894824, 0.20526669643405343, 0.1824592857191586, 0.15965187500426375, 0.13684446428936894, 0.11403705357447412, 0.0912296428595793, 0.06842223214468447, 0.04561482142978965, 0.022807410714894824, 20220318, 12:30:00
1028, AAL, 16.7599, 16.666753793641302, 0.05358572727361423, 0.22562803298749023, 0.20306522968874122, 0.1805024263899922, 0.15793962309124318, 0.13537681979249416, 0.11281401649374512, 0.0902512131949961, 0.06768840989624708, 0.04512560659749805, 0.022562803298749025, 20220318, 12:31:00
1029, AAL, 16.76, 16.667681616590144, 0.05311039119792541, 0.22221703249121566, 0.1999953292420941, 0.17777362599297253, 0.15555192274385096, 0.1333302194947294, 0.11110851624560783, 0.08888681299648626, 0.0666651097473647, 0.04444340649824313, 0.022221703249121566, 20220318, 12:32:00
1030, AAL, 16.74, 16.66840120249472, 0.04120593272274219, 0.2213544962612169, 0.1992190466350952, 0.17708359700897353, 0.15494814738285184, 0.13281269775673016, 0.11067724813060845, 0.08854179850448676, 0.06640634887836508, 0.04427089925224338, 0.02213544962612169, 20220318, 12:33:00
1031, AAL, 16.735, 16.669063877096765, 0.037950260519550215, 0.2194877380507445, 0.19753896424567005, 0.1755901904405956, 0.15364141663552114, 0.13169264283044668, 0.10974386902537225, 0.0877950952202978, 0.06584632141522334, 0.0438975476101489, 0.02194877380507445, 20220318, 12:34:00
1032, AAL, 16.733, 16.66970005742416, 0.03643434825797276, 0.21724531790357268, 0.1955207861132154, 0.17379625432285814, 0.15207172253250087, 0.1303471907421436, 0.10862265895178634, 0.08689812716142907, 0.0651735953710718, 0.043449063580714535, 0.021724531790357268, 20220318, 12:35:00
1033, AAL, 16.735, 16.670349808096557, 0.03721081860016428, 0.21764807291149743, 0.1958832656203477, 0.17411845832919795, 0.1523536510380482, 0.13058884374689847, 0.10882403645574872, 0.08705922916459898, 0.06529442187344923, 0.04352961458229949, 0.021764807291149744, 20220318, 12:36:00
1034, AAL, 16.7301, 16.670944337369228, 0.03405088054802802, 0.2191740142104107, 0.19725661278936962, 0.17533921136832856, 0.1534218099472875, 0.13150440852624642, 0.10958700710520534, 0.08766960568416428, 0.06575220426312321, 0.04383480284208214, 0.02191740142104107, 20220318, 12:37:00
1035, AAL, 16.73, 16.671531955902868, 0.03365537764536232, 0.22092449138726658, 0.19883204224853993, 0.17673959310981327, 0.15464714397108661, 0.13255469483235996, 0.11046224569363329, 0.08836979655490663, 0.06627734741617998, 0.04418489827745332, 0.02209244913872666, 20220318, 12:38:00
1036, AAL, 16.735, 16.672163478729704, 0.036167844408546916, 0.22129075252379793, 0.19916167727141812, 0.17703260201903834, 0.15490352676665856, 0.13277445151427875, 0.11064537626189896, 0.08851630100951917, 0.06638722575713937, 0.044258150504759584, 0.022129075252379792, 20220318, 12:39:00
1037, AAL, 16.7348, 16.672786727697567, 0.03569439858409816, 0.2210096413583587, 0.19890867722252284, 0.17680771308668697, 0.1547067489508511, 0.13260578481501523, 0.11050482067917936, 0.08840385654334348, 0.06630289240750761, 0.04420192827167174, 0.02210096413583587, 20220318, 12:40:00
1038, AAL, 16.7324, 16.673379894586148, 0.0339729118881606, 0.2201007084387002, 0.19809063759483017, 0.17608056675096015, 0.15407049590709013, 0.1320604250632201, 0.1100503542193501, 0.08804028337548007, 0.06603021253161005, 0.04402014168774004, 0.02201007084387002, 20220318, 12:41:00
1039, AAL, 16.745, 16.674092532450963, 0.040808508093594494, 0.2195339856615875, 0.19758058709542875, 0.17562718852927, 0.15367378996311126, 0.13172039139695252, 0.10976699283079375, 0.087813594264635, 0.06586019569847626, 0.0439067971323175, 0.02195339856615875, 20220318, 12:42:00
1040, AAL, 16.73, 16.674648825660405, 0.031862493150755844, 0.21997089731801367, 0.1979738075862123, 0.17597671785441094, 0.15397962812260957, 0.1319825383908082, 0.10998544865900683, 0.08798835892720547, 0.0659912691954041, 0.043994179463602734, 0.021997089731801367, 20220318, 12:43:00
1041, AAL, 16.72, 16.67510008112647, 0.02584929660677513, 0.22051232904187318, 0.19846109613768587, 0.17640986323349855, 0.15435863032931124, 0.13230739742512393, 0.11025616452093659, 0.08820493161674928, 0.06615369871256196, 0.04410246580837464, 0.02205123290418732, 20220318, 12:44:00
1042, AAL, 16.73, 16.675646348975956, 0.031288654375257643, 0.2222310721705958, 0.2000079649535362, 0.17778485773647662, 0.15556175051941704, 0.13333864330235745, 0.1111155360852979, 0.08889242886823831, 0.06666932165117873, 0.044446214434119155, 0.022223107217059578, 20220318, 12:45:00
1043, AAL, 16.735, 16.676236932568234, 0.033825069809678206, 0.2219076911829847, 0.19971692206468625, 0.17752615294638777, 0.15533538382808929, 0.13314461470979083, 0.11095384559149235, 0.08876307647319388, 0.06657230735489542, 0.04438153823659694, 0.02219076911829847, 20220318, 12:46:00
1044, AAL, 16.73, 16.676771888463076, 0.03064114783396217, 0.22016448921479215, 0.19814804029331293, 0.1761315913718337, 0.1541151424503545, 0.13209869352887527, 0.11008224460739607, 0.08806579568591685, 0.06604934676443763, 0.04403289784295843, 0.022016448921479213, 20220318, 12:47:00
1045, AAL, 16.725, 16.67725177016991, 0.027488294155258778, 0.21950122069168404, 0.19755109862251563, 0.17560097655334722, 0.1536508544841788, 0.1317007324150104, 0.10975061034584202, 0.08780048827667361, 0.0658503662075052, 0.043900244138336805, 0.021950122069168403, 20220318, 12:48:00
1046, AAL, 16.73, 16.67777662817817, 0.030063113920204564, 0.21916301974860608, 0.19724671777374547, 0.17533041579888486, 0.15341411382402426, 0.13149781184916365, 0.10958150987430304, 0.08766520789944243, 0.06574890592458182, 0.043832603949721216, 0.021916301974860608, 20220318, 12:49:00
1047, AAL, 16.73, 16.678296263718686, 0.029764155984313277, 0.2197673003663722, 0.197790570329735, 0.17581384029309777, 0.15383711025646055, 0.13186038021982333, 0.1098836501831861, 0.08790692014654888, 0.06593019010991166, 0.04395346007327444, 0.02197673003663722, 20220318, 12:50:00
1048, AAL, 16.7695, 16.67920376358218, 0.05194917347157001, 0.21964055207124622, 0.19767649686412161, 0.17571244165699698, 0.15374838644987235, 0.13178433124274774, 0.10982027603562311, 0.08785622082849849, 0.06589216562137387, 0.043928110414249245, 0.021964055207124623, 20220318, 12:51:00
1049, AAL, 16.76, 16.680007706233102, 0.04603002329655875, 0.21982152259213214, 0.19783937033291893, 0.17585721807370572, 0.1538750658144925, 0.1318929135552793, 0.10991076129606607, 0.08792860903685286, 0.06594645677763965, 0.04396430451842643, 0.021982152259213215, 20220318, 12:52:00
1050, AAL, 16.75, 16.680704146967102, 0.03988198990846497, 0.22038664621526735, 0.19834798159374062, 0.1763093169722139, 0.15427065235068715, 0.13223198772916042, 0.11019332310763368, 0.08815465848610694, 0.06611599386458021, 0.04407732924305347, 0.022038664621526736, 20220318, 12:53:00
1051, AAL, 16.75, 16.681393657942554, 0.03948556860165745, 0.21745349230375643, 0.19570814307338077, 0.17396279384300514, 0.1522174446126295, 0.13047209538225385, 0.10872674615187822, 0.08698139692150257, 0.06523604769112692, 0.043490698460751286, 0.021745349230375643, 20220318, 12:54:00
1052, AAL, 16.755, 16.68212605935606, 0.04193893959103472, 0.2161839234481547, 0.19456553110333924, 0.17294713875852377, 0.1513287464137083, 0.12971035406889284, 0.10809196172407735, 0.08647356937926189, 0.06485517703444642, 0.04323678468963094, 0.02161839234481547, 20220318, 12:55:00
1053, AAL, 16.765, 16.68295067568088, 0.04721196572030512, 0.21439100679412793, 0.19295190611471513, 0.17151280543530234, 0.15007370475588955, 0.12863460407647676, 0.10719550339706396, 0.08575640271765117, 0.06431730203823838, 0.042878201358825585, 0.021439100679412793, 20220318, 12:56:00
1054, AAL, 16.755, 16.683667584380572, 0.041052799389363646, 0.21349103980155995, 0.19214193582140396, 0.17079283184124797, 0.14944372786109197, 0.12809462388093598, 0.10674551990077998, 0.08539641592062398, 0.06404731194046799, 0.04269820796031199, 0.021349103980155996, 20220318, 12:57:00
1055, AAL, 16.735, 16.684178354685244, 0.02925665718710005, 0.21473201914656517, 0.19325881723190866, 0.17178561531725214, 0.15031241340259563, 0.12883921148793911, 0.10736600957328259, 0.08589280765862607, 0.06441960574396956, 0.042946403829313036, 0.021473201914656518, 20220318, 12:58:00
1056, AAL, 16.73, 16.684634291454547, 0.026117334707137303, 0.21606691590266647, 0.19446022431239982, 0.17285353272213316, 0.1512468411318665, 0.12964014954159986, 0.10803345795133323, 0.08642676636106658, 0.06482007477079993, 0.04321338318053329, 0.021606691590266645, 20220318, 12:59:00
1057, AAL, 16.7492, 16.685276736315696, 0.03679279894991412, 0.21623683184289932, 0.19461314865860938, 0.17298946547431945, 0.15136578229002953, 0.12974209910573958, 0.10811841592144966, 0.08649473273715973, 0.06487104955286979, 0.04324736636857986, 0.02162368318428993, 20220318, 13:00:00
1058, AAL, 16.72, 16.685622241426984, 0.019793416109070643, 0.22008513309584948, 0.19807661978626454, 0.1760681064766796, 0.15405959316709464, 0.1320510798575097, 0.11004256654792474, 0.0880340532383398, 0.06602553992875485, 0.0440170266191699, 0.02200851330958495, 20220318, 13:01:00
1059, AAL, 16.73, 16.68606381116403, 0.02529470757705593, 0.22271638679825626, 0.20044474811843063, 0.178173109438605, 0.1559014707587794, 0.13362983207895376, 0.11135819339912813, 0.0890865547193025, 0.06681491603947688, 0.04454327735965125, 0.022271638679825626, 20220318, 13:02:00
1060, AAL, 16.72, 16.686401484684787, 0.019344870468381483, 0.2265716513437323, 0.2039144862093591, 0.18125732107498585, 0.1586001559406126, 0.1359429908062394, 0.11328582567186615, 0.09062866053749292, 0.0679714954031197, 0.04531433026874646, 0.02265716513437323, 20220318, 13:03:00
1061, AAL, 16.725, 16.686785549513793, 0.02200176147506467, 0.23014457111990394, 0.20713011400791356, 0.18411565689592316, 0.16110119978393275, 0.13808674267194238, 0.11507228555995197, 0.09205782844796158, 0.06904337133597119, 0.04602891422398079, 0.023014457111990395, 20220318, 13:04:00
1062, AAL, 16.7122, 16.687038429618134, 0.014487961175499027, 0.23485925864266777, 0.211373332778401, 0.18788740691413422, 0.16440148104986743, 0.14091555518560067, 0.11742962932133388, 0.09394370345706711, 0.07045777759280034, 0.046971851728533555, 0.023485925864266777, 20220318, 13:05:00
1063, AAL, 16.705, 16.687217151711486, 0.010239672409607417, 0.24022687185430025, 0.21620418466887023, 0.1921814974834402, 0.1681588102980102, 0.14413612311258017, 0.12011343592715013, 0.0960907487417201, 0.07206806155629009, 0.04804537437086005, 0.024022687185430026, 20220318, 13:06:00
1064, AAL, 16.705, 16.68739409547555, 0.010137792137779659, 0.24540183743693728, 0.22086165369324356, 0.19632146994954983, 0.1717812862058561, 0.14724110246216238, 0.12270091871846864, 0.09816073497477491, 0.07362055123108119, 0.049080367487387457, 0.024540183743693728, 20220318, 13:07:00
1065, AAL, 16.68, 16.68732052238624, -0.004215406094872422, 0.2533179895525444, 0.22798619059728997, 0.20265439164203553, 0.17732259268678108, 0.15199079373152663, 0.1266589947762722, 0.10132719582101776, 0.07599539686576331, 0.05066359791050888, 0.02533179895525444, 20220318, 13:08:00
1066, AAL, 16.6901, 16.68734817887991, 0.0015846003754525445, 0.25946345158586237, 0.23351710642727613, 0.2075707612686899, 0.18162441611010366, 0.15567807095151742, 0.12973172579293119, 0.10378538063434495, 0.07783903547575871, 0.051892690317172474, 0.025946345158586237, 20220318, 13:09:00
1067, AAL, 16.67, 16.687175560184585, -0.009890008593748483, 0.2679501388083006, 0.24115512492747054, 0.2143601110466405, 0.18756509716581043, 0.16077008328498038, 0.1339750694041503, 0.10718005552332024, 0.08038504164249019, 0.05359002776166012, 0.02679501388083006, 20220318, 13:10:00
1068, AAL, 16.66, 16.68690515660066, -0.01549175777902759, 0.2772663642825989, 0.249539727854339, 0.2218130914260791, 0.1940864549978192, 0.16635981856955934, 0.13863318214129944, 0.11090654571303955, 0.08317990928477967, 0.05545327285651978, 0.02772663642825989, 20220318, 13:11:00
1069, AAL, 16.66, 16.686637443599658, -0.015337635230421639, 0.2862099026673145, 0.257588912400583, 0.2289679221338516, 0.20034693186712013, 0.17172594160038868, 0.14310495133365725, 0.1144839610669258, 0.08586297080019434, 0.0572419805334629, 0.02862099026673145, 20220318, 13:12:00
1070, AAL, 16.67, 16.686471896897174, -0.009484850939471061, 0.2934632623335009, 0.2641169361001508, 0.23477060986680073, 0.20542428363345064, 0.17607795740010054, 0.14673163116675045, 0.11738530493340037, 0.08803897870005027, 0.05869265246670018, 0.02934632623335009, 20220318, 13:13:00
1071, AAL, 16.67, 16.686307997425562, -0.009390479889124895, 0.3001533240093186, 0.27013799160838675, 0.24012265920745487, 0.21010732680652303, 0.18009199440559115, 0.1500766620046593, 0.12006132960372744, 0.09004599720279557, 0.06003066480186372, 0.03001533240093186, 20220318, 13:14:00
1072, AAL, 16.685, 16.686294982525805, -0.0007456993185089882, 0.3045929562682293, 0.2741336606414064, 0.24367436501458342, 0.2132150693877605, 0.18275577376093757, 0.15229647813411465, 0.12183718250729171, 0.09137788688046879, 0.060918591253645855, 0.030459295626822928, 20220318, 13:15:00
1073, AAL, 16.73, 16.686729858321566, 0.024911414312921935, 0.3057292325244497, 0.27515630927200474, 0.24458338601955976, 0.21401046276711477, 0.18343753951466982, 0.15286461626222486, 0.12229169300977988, 0.09171876975733491, 0.06114584650488994, 0.03057292325244497, 20220318, 13:16:00
1074, AAL, 16.7, 16.686861899532296, 0.007565266155274742, 0.3092017515003419, 0.2782815763503077, 0.2473614012002735, 0.2164412260502393, 0.18552105090020513, 0.15460087575017095, 0.12368070060013675, 0.09276052545010256, 0.061840350300068375, 0.030920175150034188, 20220318, 13:17:00
1075, AAL, 16.68, 16.68679362192501, -0.003912002080910832, 0.3142054969584182, 0.2827849472625764, 0.25136439756673457, 0.21994384787089274, 0.18852329817505092, 0.1571027484792091, 0.12568219878336728, 0.09426164908752546, 0.06284109939168364, 0.03142054969584182, 20220318, 13:18:00
1076, AAL, 16.665, 16.686576769965555, -0.012424073261066731, 0.3199155210396984, 0.2879239689357286, 0.2559324168317587, 0.22394086472778887, 0.19194931262381904, 0.1599577605198492, 0.12796620841587936, 0.09597465631190952, 0.06398310420793968, 0.03199155210396984, 20220318, 13:19:00
1077, AAL, 16.66, 16.68631232449326, -0.015150462970447377, 0.32620320955336113, 0.293582888598025, 0.2609625676426889, 0.22834224668735276, 0.19572192573201666, 0.16310160477668056, 0.13048128382134444, 0.09786096286600833, 0.06524064191067222, 0.03262032095533611, 20220318, 13:20:00
1078, AAL, 16.65, 16.685951007831637, -0.02069898061409919, 0.33294791588362005, 0.29965312429525803, 0.266358332706896, 0.233063541118534, 0.199768749530172, 0.16647395794181002, 0.133179166353448, 0.099884374765086, 0.066589583176724, 0.033294791588362, 20220318, 13:21:00
1079, AAL, 16.645, 16.685543535116896, -0.023342246194866766, 0.3397074316159831, 0.3057366884543848, 0.27176594529278647, 0.23779520213118815, 0.20382445896958984, 0.16985371580799155, 0.13588297264639324, 0.10191222948479492, 0.06794148632319662, 0.03397074316159831, 20220318, 13:22:00
1080, AAL, 16.6312, 16.68500280342419, -0.03097176298647267, 0.34783470068521677, 0.3130512306166951, 0.2782677605481734, 0.24348429047965175, 0.20870082041113008, 0.17391735034260838, 0.1391338802740867, 0.10435041020556504, 0.06956694013704336, 0.03478347006852168, 20220318, 13:23:00
1081, AAL, 16.63, 16.68445551184783, -0.031347252142911765, 0.3552843158861163, 0.3197558842975047, 0.28422745270889305, 0.24869902112028142, 0.21317058953166979, 0.17764215794305815, 0.14211372635444652, 0.10658529476583489, 0.07105686317722326, 0.03552843158861163, 20220318, 13:24:00
1082, AAL, 16.615, 16.683764412227454, -0.03957644916057499, 0.36423621766570574, 0.32781259589913514, 0.2913889741325646, 0.25496535236599405, 0.21854173059942344, 0.18211810883285287, 0.1456944870662823, 0.10927086529971172, 0.07284724353314115, 0.036423621766570574, 20220318, 13:25:00
1083, AAL, 16.6101, 16.68303143300131, -0.041971987602875654, 0.37305584174691075, 0.3357502575722197, 0.2984446733975286, 0.2611390892228375, 0.22383350504814647, 0.18652792087345538, 0.1492223366987643, 0.11191675252407324, 0.07461116834938215, 0.03730558417469108, 20220318, 13:26:00
1084, AAL, 16.62, 16.682404254563487, -0.035919252279869224, 0.38005806616832666, 0.342052259551494, 0.3040464529346613, 0.26604064631782864, 0.22803483970099597, 0.19002903308416333, 0.15202322646733066, 0.11401741985049799, 0.07601161323366533, 0.038005806616832664, 20220318, 13:27:00
1085, AAL, 16.615, 16.681733565463354, -0.03840878877901308, 0.3867373846107372, 0.34806364614966345, 0.30938990768858976, 0.27071616922751607, 0.23204243076644232, 0.1933686923053686, 0.15469495384429488, 0.11602121538322116, 0.07734747692214744, 0.03867373846107372, 20220318, 13:28:00
1086, AAL, 16.63, 16.68121880361795, -0.02948515858685723, 0.3915353484164903, 0.3523818135748413, 0.31322827873319226, 0.27407474389154324, 0.2349212090498942, 0.19576767420824515, 0.15661413936659613, 0.1174606045249471, 0.07830706968329806, 0.03915353484164903, 20220318, 13:29:00
1087, AAL, 16.6367, 16.680775830447622, -0.025375066847545175, 0.3940956582317624, 0.3546860924085862, 0.31527652658540994, 0.2758669607622337, 0.23645739493905746, 0.1970478291158812, 0.15763826329270497, 0.11822869746952873, 0.07881913164635249, 0.03940956582317624, 20220318, 13:30:00
1088, AAL, 16.635, 16.680320349547646, -0.026091233091273293, 0.3973763731403407, 0.3576387358263066, 0.31790109851227255, 0.2781634611982385, 0.2384258238842044, 0.19868818657017034, 0.15895054925613628, 0.1192129119421022, 0.07947527462806814, 0.03973763731403407, 20220318, 13:31:00
1089, AAL, 16.635, 16.67986940079593, -0.025831734886016783, 0.40099587811531, 0.360896290303779, 0.320796702492248, 0.280697114680717, 0.240597526869186, 0.200497939057655, 0.160398351246124, 0.120298763434593, 0.080199175623062, 0.040099587811531, 20220318, 13:32:00
1090, AAL, 16.64, 16.679472690340248, -0.022725940779988005, 0.40445538357627164, 0.3640098452186445, 0.32356430686101734, 0.2831187685033902, 0.242673230145763, 0.20222769178813582, 0.16178215343050867, 0.1213366150728815, 0.08089107671525433, 0.04044553835762717, 20220318, 13:33:00
1091, AAL, 16.645, 16.679129678496068, -0.019650617863114374, 0.4069077060119618, 0.3662169354107656, 0.3255261648095694, 0.2848353942083732, 0.24414462360717706, 0.2034538530059809, 0.1627630824047847, 0.12207231180358853, 0.08138154120239235, 0.04069077060119618, 20220318, 13:34:00
1092, AAL, 16.655, 16.678889582192625, -0.013755648813074818, 0.4079586272334431, 0.36716276451009877, 0.3263669017867545, 0.2855710390634102, 0.24477517634006585, 0.20397931361672156, 0.16318345089337724, 0.12238758817003292, 0.08159172544668862, 0.04079586272334431, 20220318, 13:35:00
1093, AAL, 16.675, 16.67885087988225, -0.002217477280222632, 0.4082030822529099, 0.36738277402761893, 0.32656246580232795, 0.28574215757703697, 0.24492184935174596, 0.20410154112645496, 0.16328123290116398, 0.12246092467587298, 0.08164061645058199, 0.040820308225290994, 20220318, 13:36:00
1094, AAL, 16.68, 16.678862313913275, 0.0006551221800935196, 0.4081471510992363, 0.3673324359893127, 0.3265177208793891, 0.28570300576946545, 0.24488829065954182, 0.20407357554961816, 0.16325886043969454, 0.12244414532977091, 0.08162943021984727, 0.040814715109923634, 20220318, 13:37:00
1095, AAL, 16.6675, 16.67874925606339, -0.006477652508432747, 0.4079947783865107, 0.36719530054785965, 0.3263958227092086, 0.2855963448705575, 0.24479686703190645, 0.20399738919325536, 0.1631979113546043, 0.12239843351595323, 0.08159895567730215, 0.04079947783865107, 20220318, 13:38:00
1096, AAL, 16.675, 16.67871195003291, -0.0021374766471941725, 0.4076610335731963, 0.36689493021587666, 0.32612882685855704, 0.2853627235012374, 0.24459662014391778, 0.20383051678659814, 0.16306441342927852, 0.12229831007195889, 0.08153220671463926, 0.04076610335731963, 20220318, 13:39:00
1097, AAL, 16.675, 16.67867501520671, -0.0021162082866661943, 0.4060937181971317, 0.36548434637741856, 0.32487497455770536, 0.2842656027379922, 0.24365623091827904, 0.20304685909856585, 0.16243748727885268, 0.12182811545913952, 0.08121874363942634, 0.04060937181971317, 20220318, 13:40:00
1098, AAL, 16.665, 16.67853894540366, -0.007796074070127437, 0.403873642691961, 0.36348627842276493, 0.32309891415356884, 0.28271154988437275, 0.24232418561517663, 0.2019368213459805, 0.16154945707678442, 0.12116209280758831, 0.08077472853839221, 0.040387364269196105, 20220318, 13:41:00
1099, AAL, 16.65, 16.678254975797653, -0.016268838206285975, 0.40339873037934304, 0.36305885734140875, 0.32271898430347445, 0.28237911126554016, 0.24203923822760584, 0.20169936518967152, 0.16135949215173723, 0.12101961911380292, 0.08067974607586861, 0.04033987303793431, 20220318, 13:42:00
1100, AAL, 16.655, 16.678023583003647, -0.01325706500807832, 0.4029416958489669, 0.3626475262640702, 0.32235335667917353, 0.28205918709427685, 0.24176501750938015, 0.20147084792448344, 0.16117667833958677, 0.12088250875469007, 0.08058833916979338, 0.04029416958489669, 20220318, 13:43:00
1101, AAL, 16.645, 16.67769499013794, -0.018824776311175028, 0.40204736009241354, 0.3618426240831722, 0.32163788807393084, 0.2814331520646895, 0.24122841605544815, 0.20102368004620677, 0.16081894403696542, 0.12061420802772407, 0.08040947201848271, 0.040204736009241356, 20220318, 13:44:00
1102, AAL, 16.65, 16.67741941809677, -0.01578781638517839, 0.39985544679299817, 0.35986990211369835, 0.3198843574343985, 0.2798988127550987, 0.23991326807579888, 0.19992772339649909, 0.15994217871719926, 0.11995663403789944, 0.07997108935859963, 0.039985544679299816, 20220318, 13:45:00
1103, AAL, 16.655, 16.677196339309734, -0.012780787838854377, 0.3989816552742948, 0.3590834897468653, 0.31918532421943585, 0.2792871586920064, 0.2393889931645769, 0.1994908276371474, 0.15959266210971793, 0.11969449658228845, 0.07979633105485896, 0.03989816552742948, 20220318, 13:46:00
1104, AAL, 16.65, 16.676925728968342, -0.015503601274229731, 0.39805497026770936, 0.3582494732409384, 0.3184439762141675, 0.27863847918739654, 0.2388329821606256, 0.19902748513385468, 0.15922198810708374, 0.1194164910803128, 0.07961099405354187, 0.039805497026770935, 20220318, 13:47:00
1105, AAL, 16.665, 16.67680706499851, -0.0067988456352634456, 0.3962585270242242, 0.3566326743218018, 0.3170068216193794, 0.27738096891695696, 0.23775511621453455, 0.1981292635121121, 0.1585034108096897, 0.11887755810726727, 0.07925170540484484, 0.03962585270242242, 20220318, 13:48:00
1106, AAL, 16.685, 16.676888586739818, 0.004670821693384655, 0.3939053129869149, 0.35451478168822337, 0.3151242503895319, 0.27573371909084043, 0.2363431877921489, 0.19695265649345745, 0.15756212519476595, 0.11817159389607446, 0.07878106259738298, 0.03939053129869149, 20220318, 13:49:00
1107, AAL, 16.685, 16.67696929731952, 0.004624346521521402, 0.3905758420859946, 0.35151825787739516, 0.3124606736687957, 0.27340308946019626, 0.23434550525159678, 0.1952879210429973, 0.15623033683439785, 0.11717275262579839, 0.07811516841719893, 0.03905758420859946, 20220318, 13:50:00
1108, AAL, 16.695, 16.67714870729644, 0.01027908111983079, 0.3868808967213293, 0.34819280704919636, 0.3095047173770634, 0.2708166277049305, 0.23212853803279757, 0.19344044836066465, 0.1547523586885317, 0.11606426901639878, 0.07737617934426586, 0.03868808967213293, 20220318, 13:51:00
1109, AAL, 16.695, 16.677326332099458, 0.01017680880288445, 0.3819339871194322, 0.343740588407489, 0.3055471896955458, 0.26735379098360257, 0.22916039227165935, 0.1909669935597161, 0.1527735948477729, 0.11458019613582968, 0.07638679742388645, 0.03819339871194322, 20220318, 13:52:00
1110, AAL, 16.705, 16.677601691979067, 0.01577566344013234, 0.3775836554104277, 0.33982528986938493, 0.30206692432834215, 0.26430855878729936, 0.2265501932462566, 0.18879182770521385, 0.15103346216417107, 0.1132750966231283, 0.07551673108208554, 0.03775836554104277, 20220318, 13:53:00
1111, AAL, 16.7, 16.677824560715592, 0.012768754785010194, 0.37369055094951287, 0.3363214958545616, 0.2989524407596103, 0.261583385664659, 0.22421433056970774, 0.18684527547475643, 0.14947622037980515, 0.11210716528485387, 0.07473811018990258, 0.03736905509495129, 20220318, 13:54:00
1112, AAL, 16.69, 16.67794570936519, 0.006941200700275101, 0.3701016445755443, 0.3330914801179899, 0.29608131566043544, 0.259071151202881, 0.2220609867453266, 0.18505082228777214, 0.14804065783021772, 0.1110304933726633, 0.07402032891510886, 0.03701016445755443, 20220318, 13:55:00
1113, AAL, 16.705, 16.67821490628693, 0.01542263758721129, 0.3662690635316663, 0.32964215717849965, 0.29301525082533303, 0.2563883444721664, 0.21976143811899979, 0.18313453176583314, 0.14650762541266651, 0.10988071905949989, 0.07325381270633326, 0.03662690635316663, 20220318, 13:56:00
1114, AAL, 16.72, 16.678630678363675, 0.023817500658659195, 0.3616923993164888, 0.3255231593848399, 0.289353919453191, 0.2531846795215421, 0.21701543958989325, 0.1808461996582444, 0.1446769597265955, 0.10850771979494662, 0.07233847986329775, 0.036169239931648875, 20220318, 13:57:00
1115, AAL, 16.711, 16.678952761166027, 0.018451906406333513, 0.357959461818376, 0.32216351563653844, 0.2863675694547008, 0.2505716232728632, 0.21477567709102563, 0.178979730909188, 0.1431837847273504, 0.10738783854551281, 0.0715918923636752, 0.0357959461818376, 20220318, 13:58:00
1116, AAL, 16.725, 16.67941094264696, 0.026245859177544385, 0.35337478946906786, 0.3180373105221611, 0.2826998315752543, 0.24736235262834752, 0.21202487368144074, 0.17668739473453393, 0.14134991578762715, 0.10601243684072037, 0.07067495789381358, 0.03533747894690679, 20220318, 13:59:00
1117, AAL, 16.715, 16.67976506262062, 0.020286813566522094, 0.34836549632694236, 0.31352894669424813, 0.2786923970615539, 0.24385584742885968, 0.20901929779616543, 0.17418274816347118, 0.13934619853077695, 0.10450964889808272, 0.06967309926538848, 0.03483654963269424, 20220318, 14:00:00
1118, AAL, 16.723, 16.680195261002506, 0.024643582509798978, 0.34188683225718614, 0.3076981490314675, 0.2735094658057489, 0.2393207825800303, 0.2051320993543117, 0.17094341612859307, 0.13675473290287446, 0.10256604967715585, 0.06837736645143723, 0.034188683225718615, 20220318, 14:01:00
1119, AAL, 16.73, 16.68069083054477, 0.028386440248908983, 0.336369635778124, 0.30273267220031164, 0.2690957086224992, 0.2354587450446868, 0.2018217814668744, 0.168184817889062, 0.1345478543112496, 0.1009108907334372, 0.0672739271556248, 0.0336369635778124, 20220318, 14:02:00
1120, AAL, 16.725, 16.68113171780303, 0.025255629365199105, 0.3321383628971968, 0.2989245266074771, 0.2657106903177574, 0.2324968540280377, 0.19928301773831805, 0.1660691814485984, 0.1328553451588787, 0.09964150886915903, 0.06642767257943935, 0.033213836289719675, 20220318, 14:03:00
1121, AAL, 16.715, 16.681468715635837, 0.019306170824858766, 0.32610766602753505, 0.2934968994247816, 0.26088613282202805, 0.22827536621927455, 0.19566459961652105, 0.16305383301376752, 0.13044306641101402, 0.09783229980826053, 0.06522153320550701, 0.032610766602753506, 20220318, 14:04:00
1122, AAL, 16.725, 16.68190186274394, 0.024812428931879477, 0.32184336566297495, 0.28965902909667746, 0.25747469253037997, 0.22529035596408248, 0.193106019397785, 0.16092168283148747, 0.12873734626518998, 0.0965530096988925, 0.06436867313259499, 0.032184336566297496, 20220318, 14:05:00
1123, AAL, 16.715, 16.682231197443002, 0.01886726517310258, 0.31712392010342155, 0.2854115280930794, 0.25369913608273725, 0.2219867440723951, 0.19027435206205295, 0.15856196005171078, 0.12684956804136863, 0.09513717603102648, 0.06342478402068431, 0.03171239201034216, 20220318, 14:06:00
1124, AAL, 16.7244, 16.682650787518195, 0.02403613082785122, 0.3123904726097227, 0.28115142534875043, 0.24991237808777814, 0.21867333082680587, 0.1874342835658336, 0.15619523630486135, 0.12495618904388907, 0.0937171417829168, 0.062478094521944534, 0.031239047260972267, 20220318, 14:07:00
1125, AAL, 16.72, 16.68302242147324, 0.021289857950156574, 0.30665951739097247, 0.2759935656518752, 0.245327613912778, 0.21466166217368074, 0.1839957104345835, 0.15332975869548623, 0.122663806956389, 0.09199785521729174, 0.0613319034781945, 0.03066595173909725, 20220318, 14:08:00
1126, AAL, 16.725, 16.683440108821763, 0.023927175214693917, 0.3030259065718904, 0.27272331591470134, 0.24242072525751232, 0.21211813460032328, 0.18181554394313423, 0.1515129532859452, 0.12121036262875616, 0.09090777197156712, 0.06060518131437808, 0.03030259065718904, 20220318, 14:09:00
1127, AAL, 16.74, 16.68400289380861, 0.03223406300955977, 0.30084105672093736, 0.2707569510488436, 0.24067284537674988, 0.21058873970465614, 0.1805046340325624, 0.15042052836046868, 0.12033642268837494, 0.0902523170162812, 0.06016821134418747, 0.030084105672093735, 20220318, 14:10:00
1128, AAL, 16.745, 16.684609830188624, 0.034760914827088554, 0.2984529247993772, 0.26860763231943946, 0.23876233983950174, 0.208917047359564, 0.1790717548796263, 0.1492264623996886, 0.11938116991975087, 0.08953587743981314, 0.059690584959875434, 0.029845292479937717, 20220318, 14:11:00
1129, AAL, 16.725, 16.685011722425553, 0.02302267990623448, 0.2967243744448492, 0.26705193700036434, 0.2373794995558794, 0.20770706211139447, 0.17803462466690956, 0.1483621872224246, 0.1186897497779397, 0.08901731233345478, 0.05934487488896985, 0.029672437444484924, 20220318, 14:12:00
1130, AAL, 16.72, 16.68535986449097, 0.019944442941535984, 0.29469637667853754, 0.2652267390106838, 0.23575710134283, 0.20628746367497625, 0.1768178260071225, 0.14734818833926877, 0.117878550671415, 0.08840891300356125, 0.0589392753357075, 0.02946963766785375, 20220318, 14:13:00
1131, AAL, 16.725, 16.685754293700015, 0.02259530197193841, 0.2912304141366354, 0.26210737272297185, 0.23298433130930832, 0.20386128989564478, 0.17473824848198125, 0.1456152070683177, 0.11649216565465416, 0.08736912424099062, 0.05824608282732708, 0.02912304141366354, 20220318, 14:14:00
1132, AAL, 16.725, 16.686144798240313, 0.022370548474918078, 0.2869520021882666, 0.25825680196943995, 0.22956160175061327, 0.20086640153178661, 0.17217120131295996, 0.1434760010941333, 0.11478080087530664, 0.08608560065647998, 0.05739040043765332, 0.02869520021882666, 20220318, 14:15:00
1133, AAL, 16.74, 16.68668067089464, 0.030693624942413237, 0.28335843813934075, 0.2550225943254067, 0.2266867505114726, 0.19835090669753852, 0.17001506288360446, 0.14167921906967038, 0.1133433752557363, 0.08500753144180223, 0.05667168762786815, 0.028335843813934076, 20220318, 14:16:00
1134, AAL, 16.7669, 16.687478873174292, 0.04570181538994225, 0.28071906970039456, 0.2526471627303551, 0.22457525576031565, 0.1965033487902762, 0.16843144182023673, 0.14035953485019728, 0.11228762788015782, 0.08421572091011836, 0.05614381394007891, 0.028071906970039456, 20220318, 14:17:00
1135, AAL, 16.755, 16.68815072518251, 0.03847532014403729, 0.2754733991031828, 0.24792605919286453, 0.22037871928254626, 0.192831379372228, 0.1652840394619097, 0.1377366995515914, 0.11018935964127313, 0.08264201973095485, 0.055094679820636566, 0.027547339910318283, 20220318, 14:18:00
1136, AAL, 16.755, 16.688815892096116, 0.03809285323729178, 0.27192288841883727, 0.24473059957695356, 0.21753831073506982, 0.19034602189318608, 0.16315373305130237, 0.13596144420941864, 0.10876915536753491, 0.08157686652565119, 0.054384577683767456, 0.027192288841883728, 20220318, 14:19:00
1137, AAL, 16.75, 16.689424689189686, 0.03486739678751328, 0.2682109574521441, 0.2413898617069297, 0.21456876596171529, 0.18774767021650088, 0.16092657447128647, 0.13410547872607206, 0.10728438298085764, 0.08046328723564324, 0.05364219149042882, 0.02682109574521441, 20220318, 14:20:00
1138, AAL, 16.745, 16.689977677356953, 0.031673319066659815, 0.26447616045350764, 0.23802854440815685, 0.2115809283628061, 0.18513331231745533, 0.15868569627210458, 0.13223808022675382, 0.10579046418140305, 0.07934284813605229, 0.05289523209070152, 0.02644761604535076, 20220318, 14:21:00
1139, AAL, 16.745, 16.690525163154398, 0.03135836926541437, 0.25963335373860563, 0.23367001836474507, 0.20770668299088452, 0.18174334761702396, 0.1557800122431634, 0.12981667686930282, 0.10385334149544226, 0.0778900061215817, 0.05192667074772113, 0.025963335373860565, 20220318, 14:22:00
1140, AAL, 16.745, 16.691067201331965, 0.031046547162064737, 0.2552872358971582, 0.22975851230744238, 0.20422978871772657, 0.17870106512801076, 0.15317234153829493, 0.1276436179485791, 0.10211489435886328, 0.07658617076914746, 0.05105744717943164, 0.02552872358971582, 20220318, 14:23:00
1141, AAL, 16.745, 16.691603846094832, 0.030737821816548404, 0.25188388505644194, 0.22669549655079776, 0.20150710804515357, 0.17631871953950937, 0.15113033103386517, 0.12594194252822097, 0.10075355402257678, 0.07556516551693258, 0.05037677701128839, 0.025188388505644196, 20220318, 14:24:00
1142, AAL, 16.755, 16.692234653596376, 0.03612691278293887, 0.2483830151682881, 0.22354471365145928, 0.19870641213463047, 0.17386811061780166, 0.14902980910097285, 0.12419150758414405, 0.09935320606731524, 0.07451490455048643, 0.04967660303365762, 0.02483830151682881, 20220318, 14:25:00
1143, AAL, 16.74, 16.69270993067502, 0.027224665564385103, 0.2461200976250088, 0.22150808786250792, 0.19689607810000703, 0.17228406833750615, 0.14767205857500526, 0.1230600488125044, 0.09844803905000352, 0.07383602928750263, 0.04922401952500176, 0.02461200976250088, 20220318, 14:26:00
1144, AAL, 16.7455, 16.69323520499666, 0.030086945371466757, 0.2440264144083265, 0.21962377296749386, 0.1952211315266612, 0.17081849008582856, 0.1464158486449959, 0.12201320720416325, 0.0976105657633306, 0.07320792432249795, 0.0488052828816653, 0.02440264144083265, 20220318, 14:27:00
1145, AAL, 16.755, 16.69384978007132, 0.03519804486089646, 0.24149056373142466, 0.2173415073582822, 0.19319245098513974, 0.16904339461199727, 0.1448943382388548, 0.12074528186571233, 0.09659622549256987, 0.0724471691194274, 0.048298112746284934, 0.024149056373142467, 20220318, 14:28:00
1146, AAL, 16.74, 16.694308986239765, 0.026304528973312927, 0.2392864710058401, 0.2153578239052561, 0.19142917680467209, 0.16750052970408807, 0.14357188260350406, 0.11964323550292005, 0.09571458840233604, 0.07178594130175203, 0.04785729420116802, 0.02392864710058401, 20220318, 14:29:00
1147, AAL, 16.76, 16.694962628167726, 0.03743346089228601, 0.2381733007918857, 0.21435597071269713, 0.19053864063350856, 0.16672131055432, 0.14290398047513142, 0.11908665039594285, 0.09526932031675428, 0.07145199023756571, 0.04763466015837714, 0.02381733007918857, 20220318, 14:30:00
1148, AAL, 16.77, 16.69570926868347, 0.04275331860928239, 0.23686953179187747, 0.21318257861268974, 0.18949562543350199, 0.16580867225431423, 0.1421217190751265, 0.11843476589593874, 0.09474781271675099, 0.07106085953756325, 0.047373906358375496, 0.023686953179187748, 20220318, 14:31:00
1149, AAL, 16.775, 16.69649823118413, 0.045173506854030675, 0.23588023129892985, 0.21229220816903688, 0.18870418503914388, 0.16511616190925088, 0.1415281387793579, 0.11794011564946492, 0.09435209251957194, 0.07076406938967895, 0.04717604625978597, 0.023588023129892985, 20220318, 14:32:00
1150, AAL, 16.77, 16.69722959206787, 0.041879426227149644, 0.2359463369086705, 0.21235170321780347, 0.1887570695269364, 0.16516243583606935, 0.14156780214520231, 0.11797316845433525, 0.0943785347634682, 0.07078390107260116, 0.0471892673817341, 0.02359463369086705, 20220318, 14:33:00
1151, AAL, 16.7799, 16.698052183191574, 0.047096187960746154, 0.2368724487849005, 0.21318520390641044, 0.18949795902792038, 0.16581071414943033, 0.14212346927094027, 0.11843622439245025, 0.09474897951396019, 0.07106173463547014, 0.047374489756980095, 0.023687244878490048, 20220318, 14:34:00
1152, AAL, 16.7601, 16.6986695744036, 0.035359197048833474, 0.2367889690970225, 0.21311007218732025, 0.189431175277618, 0.16575227836791573, 0.1420733814582135, 0.11839448454851124, 0.094715587638809, 0.07103669072910675, 0.0473577938194045, 0.02367889690970225, 20220318, 14:35:00
1153, AAL, 16.7627, 16.69930669306625, 0.03648803951198124, 0.23673038975289298, 0.21305735077760368, 0.18938431180231438, 0.16571127282702508, 0.14203823385173578, 0.11836519487644649, 0.09469215590115719, 0.07101911692586789, 0.047346077950578595, 0.023673038975289298, 20220318, 14:36:00
1154, AAL, 16.731, 16.69962204935415, 0.018066633675428094, 0.23603697899243803, 0.21243328109319423, 0.18882958319395043, 0.16522588529470664, 0.14162218739546284, 0.11801848949621901, 0.09441479159697522, 0.07081109369773142, 0.04720739579848761, 0.023603697899243804, 20220318, 14:37:00
1155, AAL, 16.745, 16.700073571251124, 0.02586455178244448, 0.235593564170528, 0.21203420775347523, 0.18847485133642242, 0.1649154949193696, 0.14135613850231682, 0.117796782085264, 0.09423742566821121, 0.07067806925115841, 0.047118712834105604, 0.023559356417052802, 20220318, 14:38:00
1156, AAL, 16.735, 16.70042109790534, 0.019909196446687916, 0.23475909124826394, 0.21128318212343755, 0.18780727299861116, 0.16433136387378477, 0.1408554547489584, 0.11737954562413197, 0.09390363649930558, 0.0704277273744792, 0.04695181824965279, 0.023475909124826395, 20220318, 14:39:00
1157, AAL, 16.745, 16.700864669070462, 0.02540930736788796, 0.2341336408369846, 0.21072027675328614, 0.18730691266958768, 0.16389354858588923, 0.14048018450219077, 0.1170668204184923, 0.09365345633479384, 0.07024009225109538, 0.04682672816739692, 0.02341336408369846, 20220318, 14:40:00
1158, AAL, 16.755, 16.70140332907971, 0.030853177557929514, 0.23392229022090422, 0.2105300611988138, 0.18713783217672336, 0.16374560315463293, 0.1403533741325425, 0.11696114511045211, 0.09356891608836168, 0.07017668706627125, 0.04678445804418084, 0.02339222902209042, 20220318, 14:41:00
1159, AAL, 16.755, 16.70193662928787, 0.030546372657759908, 0.23310394362868292, 0.20979354926581464, 0.18648315490294634, 0.16317276054007804, 0.13986236617720976, 0.11655197181434146, 0.09324157745147317, 0.06993118308860488, 0.046620788725736585, 0.023310394362868293, 20220318, 14:42:00
1160, AAL, 16.74, 16.702315369294958, 0.021696817021259168, 0.23261161374454464, 0.20935045237009017, 0.1860892909956357, 0.16282812962118123, 0.13956696824672676, 0.11630580687227232, 0.09304464549781785, 0.06978348412336338, 0.046522322748908926, 0.023261161374454463, 20220318, 14:43:00
1161, AAL, 16.74, 16.70269034074476, 0.02148099503420027, 0.23244756525854418, 0.20920280873268976, 0.18595805220683534, 0.16271329568098092, 0.1394685391551265, 0.11622378262927209, 0.09297902610341767, 0.06973426957756325, 0.046489513051708835, 0.023244756525854417, 20220318, 14:44:00
1162, AAL, 16.7433, 16.703094416956255, 0.02314774586222246, 0.23203614846562942, 0.20883253361906648, 0.18562891877250354, 0.1624253039259406, 0.13922168907937765, 0.11601807423281471, 0.09281445938625177, 0.06961084453968883, 0.046407229693125884, 0.023203614846562942, 20220318, 14:45:00
1163, AAL, 16.735, 16.70341188544425, 0.018187614166517554, 0.23130652533497362, 0.20817587280147626, 0.1850452202679789, 0.16191456773448154, 0.13878391520098418, 0.11565326266748681, 0.09252261013398945, 0.06939195760049209, 0.046261305066994725, 0.023130652533497362, 20220318, 14:46:00
1164, AAL, 16.725, 16.70362669255426, 0.012306929832997499, 0.2307390525019088, 0.20766514725171792, 0.18459124200152704, 0.16151733675133617, 0.1384434315011453, 0.1153695262509544, 0.09229562100076352, 0.06922171575057265, 0.04614781050038176, 0.02307390525019088, 20220318, 14:47:00
1165, AAL, 16.7104, 16.70369408864825, 0.003861495809701768, 0.23048665161191764, 0.20743798645072586, 0.1843893212895341, 0.16134065612834236, 0.13829199096715059, 0.11524332580595882, 0.09219466064476706, 0.06914599548357529, 0.04609733032238353, 0.023048665161191764, 20220318, 14:48:00
1166, AAL, 16.7101, 16.703757829059708, 0.0036520434094342207, 0.23007113419354008, 0.2070640207741861, 0.18405690735483207, 0.16104979393547805, 0.13804268051612406, 0.11503556709677004, 0.09202845367741604, 0.06902134025806203, 0.04601422683870802, 0.02300711341935401, 20220318, 14:49:00
1167, AAL, 16.725, 16.703969193944687, 0.012109734094363495, 0.22951987325450882, 0.20656788592905795, 0.18361589860360705, 0.16066391127815616, 0.1377119239527053, 0.11475993662725441, 0.09180794930180353, 0.06885596197635264, 0.04590397465090176, 0.02295198732545088, 20220318, 14:50:00
1168, AAL, 16.715, 16.704078953208917, 0.006288665013500293, 0.22667460643586984, 0.20400714579228285, 0.18133968514869586, 0.15867222450510887, 0.13600476386152188, 0.11333730321793492, 0.09066984257434793, 0.06800238193076094, 0.045334921287173965, 0.022667460643586983, 20220318, 14:51:00
1169, AAL, 16.725, 16.704287122828728, 0.011926685173284235, 0.22450171047036185, 0.20205153942332565, 0.17960136837628948, 0.1571511973292533, 0.1347010262822171, 0.11225085523518093, 0.08980068418814474, 0.06735051314110856, 0.04490034209407237, 0.022450171047036185, 20220318, 14:52:00
1170, AAL, 16.725, 16.70449322110904, 0.011808022775277247, 0.22299881315153008, 0.20069893183637708, 0.17839905052122407, 0.15609916920607106, 0.13379928789091805, 0.11149940657576504, 0.08919952526061203, 0.06689964394545903, 0.04459976263030602, 0.02229988131515301, 20220318, 14:53:00
1171, AAL, 16.7354, 16.70480075124726, 0.017618370694674538, 0.22158152971752454, 0.19942337674577207, 0.17726522377401963, 0.15510707080226718, 0.1329489178305147, 0.11079076485876227, 0.08863261188700981, 0.06647445891525736, 0.044316305943504906, 0.022158152971752453, 20220318, 14:54:00
1172, AAL, 16.747, 16.705220644269673, 0.024053478406280547, 0.22010359876158872, 0.19809323888542985, 0.17608287900927097, 0.1540725191331121, 0.13206215925695322, 0.11005179938079436, 0.08804143950463549, 0.06603107962847661, 0.04402071975231774, 0.02201035987615887, 20220318, 14:55:00
1173, AAL, 16.765, 16.705815463729675, 0.034067487791581814, 0.21862197288512303, 0.19675977559661073, 0.17489757830809843, 0.15303538101958614, 0.13117318373107384, 0.10931098644256151, 0.08744878915404922, 0.06558659186553692, 0.04372439457702461, 0.021862197288512304, 20220318, 14:56:00
1174, AAL, 16.745, 16.706205359612962, 0.022335692389627244, 0.21712870374894655, 0.1954158333740519, 0.17370296299915725, 0.15199009262426258, 0.13027722224936794, 0.10856435187447327, 0.08685148149957862, 0.06513861112468397, 0.04342574074978931, 0.021712870374894656, 20220318, 14:57:00
1175, AAL, 16.7301, 16.706443117228755, 0.013621676874841107, 0.216482863090047, 0.1948345767810423, 0.1731862904720376, 0.1515380041630329, 0.1298897178540282, 0.1082414315450235, 0.0865931452360188, 0.0649448589270141, 0.0432965726180094, 0.0216482863090047, 20220318, 14:58:00
1176, AAL, 16.7494, 16.70687054889812, 0.024485157059433243, 0.21639060458726833, 0.19475154412854148, 0.17311248366981466, 0.15147342321108784, 0.129834362752361, 0.10819530229363417, 0.08655624183490733, 0.0649171813761805, 0.043278120917453665, 0.021639060458726832, 20220318, 14:59:00
1177, AAL, 16.75, 16.707299697665302, 0.024583480392572323, 0.215442253019912, 0.1938980277179208, 0.1723538024159296, 0.1508095771139384, 0.1292653518119472, 0.107721126509956, 0.0861769012079648, 0.0646326759059736, 0.0430884506039824, 0.0215442253019912, 20220318, 15:00:00
1178, AAL, 16.72, 16.707426068832813, 0.00724041414082847, 0.21529375080876917, 0.19376437572789224, 0.17223500064701533, 0.15070562556613842, 0.1291762504852615, 0.10764687540438458, 0.08611750032350766, 0.06458812524263075, 0.04305875016175383, 0.021529375080876916, 20220318, 15:01:00
1179, AAL, 16.72, 16.70755118257577, 0.007168372699332877, 0.21487941308342662, 0.19339147177508395, 0.17190353046674128, 0.15041558915839862, 0.12892764785005595, 0.10743970654171331, 0.08595176523337064, 0.06446382392502797, 0.04297588261668532, 0.02148794130834266, 20220318, 15:02:00
1180, AAL, 16.72, 16.70767505140586, 0.00709704801483017, 0.2147361182706434, 0.19326250644357906, 0.17178889461651473, 0.1503152827894504, 0.12884167096238605, 0.1073680591353217, 0.08589444730825736, 0.06442083548119303, 0.04294722365412868, 0.02147361182706434, 20220318, 15:03:00
1181, AAL, 16.72, 16.70779768771028, 0.0070264329575884625, 0.2144789572244774, 0.19303106150202967, 0.17158316577958194, 0.1501352700571342, 0.12868737433468647, 0.1072394786122387, 0.08579158288979097, 0.06434368716734323, 0.042895791444895484, 0.021447895722447742, 20220318, 15:04:00
1182, AAL, 16.72, 16.707919103752964, 0.006956520468820279, 0.21445776156343674, 0.19301198540709308, 0.1715662092507494, 0.1501204330944057, 0.12867465693806204, 0.10722888078171837, 0.0857831046253747, 0.06433732846903102, 0.04289155231268735, 0.021445776156343674, 20220318, 15:05:00
1183, AAL, 16.75, 16.708337819138507, 0.02398604364815381, 0.21483608908241308, 0.19335248017417178, 0.17186887126593048, 0.15038526235768918, 0.12890165344944787, 0.10741804454120654, 0.08593443563296524, 0.06445082672472394, 0.04296721781648262, 0.02148360890824131, 20220318, 15:06:00
1184, AAL, 16.75, 16.708752368201804, 0.023747466717194753, 0.21519502097259194, 0.19367551887533274, 0.17215601677807355, 0.15063651468081435, 0.12911701258355515, 0.10759751048629597, 0.08607800838903677, 0.06455850629177758, 0.043039004194518386, 0.021519502097259193, 20220318, 15:07:00
1185, AAL, 16.76, 16.70926229488636, 0.029208362567414322, 0.21547475896897622, 0.1939272830720786, 0.17237980717518098, 0.15083233127828335, 0.12928485538138573, 0.10773737948448811, 0.08618990358759049, 0.06464242769069287, 0.043094951793795244, 0.021547475896897622, 20220318, 15:08:00
1186, AAL, 16.7401, 16.709569137723314, 0.01757900339470236, 0.2154154972801201, 0.1938739475521081, 0.1723323978240961, 0.1507908480960841, 0.12924929836807209, 0.10770774864006005, 0.08616619891204805, 0.06462464918403604, 0.043083099456024024, 0.021541549728012012, 20220318, 15:09:00
1187, AAL, 16.74, 16.709871932372835, 0.017347129871551042, 0.21467758536415651, 0.19320982682774085, 0.1717420682913252, 0.15027430975490957, 0.1288065512184939, 0.10733879268207826, 0.0858710341456626, 0.06440327560924695, 0.0429355170728313, 0.02146775853641565, 20220318, 15:10:00
1188, AAL, 16.73, 16.710072211652708, 0.011474663511840837, 0.2133172519438495, 0.19198552674946456, 0.17065380155507962, 0.14932207636069467, 0.12799035116630972, 0.10665862597192476, 0.08532690077753981, 0.06399517558315486, 0.042663450388769904, 0.021331725194384952, 20220318, 15:11:00
1189, AAL, 16.74, 16.71037000059149, 0.017060408409993674, 0.21200559966784507, 0.19080503970106055, 0.16960447973427606, 0.14840391976749157, 0.12720335980070704, 0.10600279983392254, 0.08480223986713803, 0.06360167990035352, 0.042401119933569015, 0.021200559966784507, 20220318, 15:13:00
1190, AAL, 16.74, 16.71066482645625, 0.01689068554952177, 0.21120215206905327, 0.19008193686214794, 0.16896172165524262, 0.1478415064483373, 0.12672129124143197, 0.10560107603452663, 0.08448086082762131, 0.06336064562071599, 0.042240430413810655, 0.021120215206905327, 20220318, 15:14:00
1191, AAL, 16.75, 16.711056221217877, 0.022421528863578878, 0.21055286353041713, 0.18949757717737542, 0.1684422908243337, 0.147387004471292, 0.12633171811825028, 0.10527643176520857, 0.08422114541216685, 0.06316585905912514, 0.04211057270608343, 0.021055286353041713, 20220318, 15:15:00
1192, AAL, 16.76, 16.71154322399183, 0.027895988783229752, 0.21073901595636865, 0.1896651143607318, 0.16859121276509492, 0.14751731116945804, 0.1264434095738212, 0.10536950797818433, 0.08429560638254746, 0.0632217047869106, 0.04214780319127373, 0.021073901595636865, 20220318, 15:16:00
1193, AAL, 16.77, 16.712124883454596, 0.03331433042973273, 0.21130400633662821, 0.19017360570296538, 0.16904320506930257, 0.14791280443563976, 0.12678240380197692, 0.10565200316831411, 0.08452160253465128, 0.06339120190098846, 0.04226080126732564, 0.02113040063366282, 20220318, 15:17:00
1194, AAL, 16.78, 16.71280025774858, 0.03867683225178833, 0.2126335103187092, 0.19137015928683826, 0.17010680825496735, 0.14884345722309644, 0.1275801061912255, 0.1063167551593546, 0.08505340412748368, 0.06379005309561275, 0.04252670206374184, 0.02126335103187092, 20220318, 15:18:00
1195, AAL, 16.76, 16.71326990692521, 0.026902446382200417, 0.21251101086581936, 0.19125990977923743, 0.1700088086926555, 0.14875770760607357, 0.12750660651949164, 0.10625550543290968, 0.08500440434632775, 0.06375330325974582, 0.042502202173163875, 0.021251101086581937, 20220318, 15:20:00
1196, AAL, 16.76, 16.713734882975704, 0.02663488756695605, 0.211636938127389, 0.19047324431465013, 0.1693095505019112, 0.1481458566891723, 0.1269821628764334, 0.1058184690636945, 0.0846547752509556, 0.0634910814382167, 0.0423273876254778, 0.0211636938127389, 20220318, 15:21:00
1197, AAL, 16.76, 16.714195232398833, 0.02636998727078132, 0.21040285157054886, 0.18936256641349397, 0.16832228125643908, 0.1472819960993842, 0.1262417109423293, 0.10520142578527443, 0.08416114062821954, 0.06312085547116465, 0.04208057031410977, 0.021040285157054885, 20220318, 15:23:00
1198, AAL, 16.76, 16.714651001230685, 0.026107719151351155, 0.20839110332059296, 0.18755199298853367, 0.16671288265647438, 0.1458737723244151, 0.1250346619923558, 0.10419555166029648, 0.08335644132823719, 0.0625173309961779, 0.041678220664118595, 0.020839110332059298, 20220318, 15:24:00
1199, AAL, 16.77, 16.715201737536848, 0.031544425686395136, 0.20622297234926898, 0.18560067511434208, 0.1649783778794152, 0.1443560806444883, 0.1237337834095614, 0.10311148617463449, 0.0824891889397076, 0.0618668917047807, 0.0412445944698538, 0.0206222972349269, 20220318, 15:25:00
1200, AAL, 16.77, 16.715746993879765, 0.031230755882456947, 0.20260019912285765, 0.18234017921057188, 0.16208015929828612, 0.14182013938600035, 0.12156011947371459, 0.10130009956142882, 0.08104007964914306, 0.060780059736857295, 0.04052003982457153, 0.020260019912285765, 20220318, 15:26:00
1201, AAL, 16.77, 16.716286824786433, 0.030920201114646773, 0.19868266154678596, 0.17881439539210736, 0.15894612923742876, 0.13907786308275016, 0.11920959692807157, 0.09934133077339298, 0.07947306461871438, 0.05960479846403578, 0.03973653230935719, 0.019868266154678595, 20220318, 15:27:00
1202, AAL, 16.78, 16.716920786728856, 0.03630741211913477, 0.1931488346234811, 0.17383395116113298, 0.15451906769878487, 0.13520418423643676, 0.11588930077408865, 0.09657441731174055, 0.07725953384939244, 0.05794465038704433, 0.03862976692469622, 0.01931488346234811, 20220318, 15:28:00
1203, AAL, 16.78, 16.71754844059225, 0.03594645702525002, 0.18659528567641148, 0.16793575710877032, 0.14927622854112918, 0.13061669997348804, 0.11195717140584688, 0.09329764283820574, 0.07463811427056459, 0.05597858570292344, 0.037319057135282295, 0.018659528567641148, 20220318, 15:29:00
1204, AAL, 16.78, 16.71816984914357, 0.03558908429246487, 0.1811050780354318, 0.16299457023188862, 0.14488406242834545, 0.12677355462480228, 0.10866304682125909, 0.0905525390177159, 0.07244203121417273, 0.054331523410629544, 0.03622101560708636, 0.01811050780354318, 20220318, 15:30:00
1205, AAL, 16.78, 16.718785074525226, 0.03523525854744232, 0.17456023046332997, 0.157104207416997, 0.13964818437066398, 0.12219216132433099, 0.10473613827799799, 0.08728011523166498, 0.06982409218533199, 0.052368069138998996, 0.034912046092665995, 0.017456023046332998, 20220318, 15:33:00
1206, AAL, 16.78, 16.719394178261293, 0.03488494476156047, 0.1698082074944611, 0.152827386745015, 0.13584656599556888, 0.11886574524612277, 0.10188492449667666, 0.08490410374723055, 0.06792328299778444, 0.05094246224833833, 0.03396164149889222, 0.01698082074944611, 20220318, 15:34:00
1207, AAL, 16.77, 16.719897718776107, 0.02884276986773484, 0.16530133667597496, 0.14877120300837748, 0.13224106934077998, 0.11571093567318248, 0.09918080200558499, 0.08265066833798748, 0.06612053467038999, 0.049590401002792495, 0.033060267335194994, 0.016530133667597497, 20220318, 15:36:00
1208, AAL, 16.77, 16.72039624893754, 0.028555933907703484, 0.16035986831793694, 0.14432388148614325, 0.12828789465434956, 0.11225190782255587, 0.09621592099076218, 0.08017993415896847, 0.06414394732717478, 0.04810796049538109, 0.03207197366358739, 0.016035986831793695, 20220318, 15:37:00
1209, AAL, 16.77, 16.720889818599854, 0.028271947406290965, 0.15517758650213642, 0.13965982785192277, 0.12414206920170913, 0.10862431055149549, 0.09310655190128185, 0.07758879325106821, 0.062071034600854565, 0.046553275950640925, 0.031035517300427282, 0.015517758650213641, 20220318, 15:39:00
1210, AAL, 16.77, 16.72137847712125, 0.027990782147407297, 0.15043173678503252, 0.13538856310652927, 0.12034538942802601, 0.10530221574952277, 0.09025904207101951, 0.07521586839251626, 0.06017269471401301, 0.045129521035509754, 0.030086347357006504, 0.015043173678503252, 20220318, 15:41:00
1211, AAL, 16.76, 16.721762770881238, 0.02201487191294587, 0.14598196032910893, 0.13138376429619805, 0.11678556826328715, 0.10218737223037626, 0.08758917619746537, 0.07299098016455446, 0.058392784131643574, 0.043794588098732684, 0.029196392065821787, 0.014598196032910894, 20220318, 15:42:00
1212, AAL, 16.77, 16.72224274331028, 0.02749348823180042, 0.14273102662486498, 0.12845792396237848, 0.11418482129989199, 0.0999117186374055, 0.085638615974919, 0.07136551331243249, 0.057092410649945996, 0.0428193079874595, 0.028546205324972998, 0.014273102662486499, 20220318, 15:43:00
1213, AAL, 16.76, 16.722618437406695, 0.02152238053091211, 0.14117856533200945, 0.1270607087988085, 0.11294285226560757, 0.09882499573240663, 0.08470713919920568, 0.07058928266600473, 0.05647142613280379, 0.04235356959960284, 0.028235713066401893, 0.014117856533200947, 20220318, 15:45:00
1214, AAL, 16.77, 16.723089895740955, 0.027006028274470958, 0.14005884758484888, 0.126052962826364, 0.1120470780678791, 0.09804119330939422, 0.08403530855090932, 0.07002942379242444, 0.05602353903393955, 0.04201765427545466, 0.028011769516969775, 0.014005884758484887, 20220318, 15:47:00
1215, AAL, 16.76, 16.72345716045995, 0.02103963107644709, 0.13775690056394801, 0.1239812105075532, 0.1102055204511584, 0.0964298303947636, 0.0826541403383688, 0.06887845028197401, 0.0551027602255792, 0.0413270701691844, 0.0275513801127896, 0.0137756900563948, 20220318, 15:48:00
1216, AAL, 16.78, 16.724019775778757, 0.03222435183285887, 0.1364117400216686, 0.12277056601950172, 0.10912939201733486, 0.095488218015168, 0.08184704401300115, 0.0682058700108343, 0.05456469600866743, 0.040923522006500575, 0.027282348004333715, 0.013641174002166858, 20220318, 15:49:00
1217, AAL, 16.77, 16.724477290447624, 0.026207679901528377, 0.1347231440309016, 0.12125082962781143, 0.10777851522472127, 0.09430620082163112, 0.08083388641854096, 0.0673615720154508, 0.05388925761236064, 0.04041694320927048, 0.02694462880618032, 0.01347231440309016, 20220318, 15:50:00
1218, AAL, 16.77, 16.724930252731728, 0.025947024582464374, 0.13199736084884567, 0.11879762476396111, 0.10559788867907655, 0.09239815259419198, 0.07919841650930741, 0.06599868042442283, 0.05279894433953827, 0.039599208254653705, 0.026399472169769136, 0.013199736084884568, 20220318, 15:51:00
1219, AAL, 16.77, 16.725378707928428, 0.02568895937430896, 0.1272476305294979, 0.1145228674765481, 0.10179810442359831, 0.08907334137064853, 0.07634857831769873, 0.06362381526474895, 0.050899052211799155, 0.038174289158849364, 0.025449526105899577, 0.012724763052949789, 20220318, 15:52:00
1220, AAL, 16.77, 16.725822700884365, 0.025433458607485426, 0.12297845383038174, 0.11068060844734356, 0.09838276306430539, 0.08608491768126722, 0.07378707229822905, 0.06148922691519087, 0.049191381532152696, 0.036893536149114524, 0.024595690766076348, 0.012297845383038174, 20220318, 15:55:00
1221, AAL, 16.7699, 16.726261280975066, 0.025123522149406757, 0.11691787747966301, 0.1052260897316967, 0.0935343019837304, 0.08184251423576411, 0.0701507264877978, 0.058458938739831504, 0.0467671509918652, 0.0350753632438989, 0.0233835754959326, 0.0116917877479663, 20220318, 15:58:00
1222, AAL, 16.76, 16.72659698962208, 0.01923233328053545, 0.11139453551985173, 0.10025508196786656, 0.08911562841588139, 0.07797617486389621, 0.06683672131191104, 0.05569726775992587, 0.044557814207940694, 0.03341836065595552, 0.022278907103970347, 0.011139453551985173, 20220318, 16:01:00
1223, AAL, 16.76, 16.726929357884547, 0.01904101326372404, 0.10640846471226788, 0.09576761824104109, 0.0851267717698143, 0.07448592529858751, 0.06384507882736072, 0.05320423235613394, 0.04256338588490715, 0.03192253941368036, 0.021281692942453575, 0.010640846471226787, 20220318, 16:03:00
1224, AAL, 16.76, 16.727258419000123, 0.01885159555530001, 0.10025547122484732, 0.09022992410236258, 0.08020437697987785, 0.07017882985739313, 0.060153282734908387, 0.05012773561242366, 0.04010218848993893, 0.030076641367454193, 0.020051094244969463, 0.010025547122484732, 20220318, 16:08:00
1225, AAL, 16.76, 16.727584205875743, 0.018664061267442047, 0.0963267441368696, 0.08669406972318264, 0.07706139530949568, 0.06742872089580873, 0.05779604648212176, 0.0481633720684348, 0.03853069765474784, 0.02889802324106088, 0.01926534882737392, 0.00963267441368696, 20220318, 16:09:00
1226, AAL, 16.76, 16.72790675109091, 0.018478391698811047, 0.09479511894919618, 0.08531560705427656, 0.07583609515935694, 0.06635658326443732, 0.0568770713695177, 0.04739755947459809, 0.03791804757967847, 0.02843853568475885, 0.018959023789839234, 0.009479511894919617, 20220318, 16:10:00
1227, AAL, 16.77, 16.72832558938851, 0.023993081944257668, 0.09305528529871888, 0.083749756768847, 0.0744442282389751, 0.06513869970910321, 0.055833171179231325, 0.04652764264935944, 0.03722211411948755, 0.027916585589615663, 0.018611057059743776, 0.009305528529871888, 20220318, 16:11:00
1228, AAL, 16.76, 16.728640757653302, 0.018055864249622917, 0.09232964766101412, 0.0830966828949127, 0.07386371812881129, 0.06463075336270988, 0.05539778859660847, 0.04616482383050706, 0.036931859064405645, 0.027698894298304234, 0.018465929532202822, 0.009232964766101411, 20220318, 16:12:00
1229, AAL, 16.76, 16.728952789915457, 0.017876242373399805, 0.09159117514891993, 0.08243205763402794, 0.07327294011913595, 0.06411382260424395, 0.05495470508935196, 0.045795587574459964, 0.03663647005956797, 0.02747735254467598, 0.018318235029783986, 0.009159117514891993, 20220318, 16:13:00
1230, AAL, 16.77, 16.729361219866547, 0.023397061895974628, 0.09123766476032481, 0.08211389828429233, 0.07299013180825985, 0.06386636533222737, 0.05474259885619488, 0.04561883238016241, 0.036495065904129924, 0.02737129942809744, 0.018247532952064962, 0.009123766476032481, 20220318, 16:15:00
1231, AAL, 16.76, 16.729666083350462, 0.017465629540322852, 0.09082452015402995, 0.08174206813862694, 0.07265961612322396, 0.06357716410782097, 0.05449471209241796, 0.045412260077014974, 0.03632980806161198, 0.02724735604620898, 0.01816490403080599, 0.009082452015402994, 20220318, 16:16:00
1232, AAL, 16.76, 16.729967913366877, 0.01729187699639258, 0.0896129817105143, 0.08065168353946287, 0.07169038536841144, 0.06272908719736, 0.05376778902630858, 0.04480649085525715, 0.03584519268420572, 0.02688389451315429, 0.01792259634210286, 0.00896129817105143, 20220318, 16:19:00
1233, AAL, 16.77, 16.730366242587106, 0.022818641145873453, 0.08921719660158955, 0.08029547694143059, 0.07137375728127164, 0.062452037621112684, 0.05353031796095373, 0.04460859830079478, 0.03568687864063582, 0.026765158980476864, 0.01784343932031791, 0.008921719660158955, 20220318, 16:21:00
1234, AAL, 16.76, 16.730661105844945, 0.016892827405677692, 0.0895083840584749, 0.0805575456526274, 0.07160670724677992, 0.06265586884093244, 0.05370503043508494, 0.04475419202923745, 0.03580335362338996, 0.02685251521754247, 0.01790167681169498, 0.00895083840584749, 20220318, 16:22:00
1235, AAL, 16.76, 16.73095303514002, 0.01672477107125332, 0.08962472799614887, 0.08066225519653399, 0.0716997823969191, 0.06273730959730421, 0.053774836797689324, 0.044812363998074436, 0.03584989119845955, 0.026887418398844662, 0.017924945599229775, 0.008962472799614887, 20220318, 16:24:00
1236, AAL, 16.7601, 16.731243054690864, 0.01661538109891461, 0.08992424573855903, 0.08093182116470313, 0.07193939659084722, 0.06294697201699131, 0.053954547443135416, 0.04496212286927952, 0.03596969829542361, 0.026977273721567708, 0.017984849147711805, 0.008992424573855903, 20220318, 16:26:00
1237, AAL, 16.77, 16.731628695937722, 0.022092039745522065, 0.08986468562936285, 0.08087821706642656, 0.07189174850349028, 0.062905279940554, 0.05391881137761771, 0.04493234281468143, 0.03594587425174514, 0.026959405688808856, 0.01797293712587257, 0.008986468562936285, 20220318, 16:27:00
1238, AAL, 16.76, 16.73191099747068, 0.016173289725535594, 0.0902027669056549, 0.08118249021508941, 0.07216221352452393, 0.06314193683395844, 0.054121660143392945, 0.04510138345282745, 0.036081106762261964, 0.027060830071696473, 0.018040553381130982, 0.009020276690565491, 20220318, 16:28:00
1239, AAL, 16.75, 16.7320909875456, 0.010312314791933232, 0.0910769556471728, 0.08196926008245553, 0.07286156451773824, 0.06375386895302096, 0.05464617338830369, 0.0455384778235864, 0.03643078225886912, 0.027323086694151844, 0.01821539112943456, 0.00910769556471728, 20220318, 16:29:00
1240, AAL, 16.75, 16.7322691866745, 0.010209711860778497, 0.09200007747406314, 0.08280006972665682, 0.07360006197925051, 0.0644000542318442, 0.05520004648443788, 0.04600003873703157, 0.036800030989625254, 0.02760002324221894, 0.018400015494812627, 0.009200007747406314, 20220318, 16:30:00
1241, AAL, 16.74, 16.73234611019018, 0.00440736797866168, 0.09367055297809837, 0.08430349768028852, 0.0749364423824787, 0.06556938708466886, 0.05620233178685902, 0.046835276489049185, 0.03746822119123935, 0.02810116589342951, 0.018734110595619673, 0.009367055297809837, 20220318, 16:31:00
1242, AAL, 16.7401, 16.732423263322616, 0.004420523804674921, 0.09539336425361784, 0.08585402782825606, 0.07631469140289428, 0.0667753549775325, 0.05723601855217071, 0.04769668212680892, 0.03815734570144714, 0.028618009276085356, 0.01907867285072357, 0.009539336425361785, 20220318, 16:32:00
1243, AAL, 16.74, 16.732498653737316, 0.004319529361372437, 0.09696408862020328, 0.08726767975818296, 0.07757127089616263, 0.0678748620341423, 0.058178453172121974, 0.04848204431010164, 0.038785635448081314, 0.029089226586060987, 0.019392817724040657, 0.009696408862020328, 20220318, 16:33:00
1244, AAL, 16.74, 16.732573293998637, 0.004276549496429908, 0.09860683167105164, 0.08874614850394646, 0.0788854653368413, 0.06902478216973615, 0.05916409900263098, 0.04930341583552582, 0.03944273266842065, 0.02958204950131549, 0.019721366334210327, 0.009860683167105163, 20220318, 16:34:00
1245, AAL, 16.7401, 16.732648186595664, 0.004291007014312431, 0.1001701149152294, 0.09015310342370646, 0.08013609193218352, 0.07011908044066058, 0.06010206894913764, 0.0500850574576147, 0.04006804596609176, 0.03005103447456882, 0.02003402298304588, 0.01001701149152294, 20220318, 16:35:00
1246, AAL, 16.74, 16.732721338967846, 0.004191301184564796, 0.10172541786063702, 0.09155287607457332, 0.08138033428850962, 0.07120779250244591, 0.06103525071638222, 0.05086270893031851, 0.04069016714425481, 0.03051762535819111, 0.020345083572127404, 0.010172541786063702, 20220318, 16:36:00
1247, AAL, 16.73, 16.732694260968167, -0.0015514551649266854, 0.10392717463748452, 0.09353445717373607, 0.08314173970998762, 0.07274902224623916, 0.06235630478249071, 0.05196358731874226, 0.04157086985499381, 0.031178152391245356, 0.020785434927496904, 0.010392717463748452, 20220318, 16:38:00
1248, AAL, 16.7301, 16.732668447426196, -0.001479007180040149, 0.10578481494829697, 0.09520633345346727, 0.08462785195863758, 0.07404937046380788, 0.06347088896897818, 0.05289240747414849, 0.04231392597931879, 0.03173544448448909, 0.021156962989659394, 0.010578481494829697, 20220318, 16:41:00
1249, AAL, 16.73, 16.73264189571051, -0.0015213013589452068, 0.10809652596542349, 0.09728687336888114, 0.0864772207723388, 0.07566756817579645, 0.0648579155792541, 0.054048262982711745, 0.0432386103861694, 0.03242895778962705, 0.0216193051930847, 0.01080965259654235, 20220318, 16:42:00
1250, AAL, 16.74, 16.732715110678566, 0.004194887603896095, 0.1093759586332848, 0.09843836276995632, 0.08750076690662784, 0.07656317104329935, 0.06562557517997088, 0.0546879793166424, 0.04375038345331392, 0.03281278758998544, 0.02187519172665696, 0.01093759586332848, 20220318, 16:43:00
1251, AAL, 16.7301, 16.73268908967679, -0.0014908937351590888, 0.11154763685706268, 0.10039287317135641, 0.08923810948565014, 0.07808334579994387, 0.0669285821142376, 0.05577381842853134, 0.04461905474282507, 0.0334642910571188, 0.022309527371412535, 0.011154763685706268, 20220318, 16:44:00
1252, AAL, 16.74, 16.73276183505314, 0.004167982428853423, 0.11277268731601557, 0.10149541858441402, 0.09021814985281246, 0.07894088112121089, 0.06766361238960934, 0.056386343658007786, 0.04510907492640623, 0.03383180619480467, 0.022554537463203114, 0.011277268731601557, 20220318, 16:45:00
1253, AAL, 16.74, 16.7328338565949, 0.004126510440142099, 0.11369764188927392, 0.10232787770034653, 0.09095811351141914, 0.07958834932249174, 0.06821858513356435, 0.05684882094463696, 0.04547905675570957, 0.034109292566782176, 0.022739528377854784, 0.011369764188927392, 20220318, 16:46:00
1254, AAL, 16.74, 16.732905161504405, 0.004085451093876706, 0.11276754009068544, 0.10149078608161691, 0.09021403207254836, 0.0789372780634798, 0.06766052405441127, 0.05638377004534272, 0.04510701603627418, 0.03383026202720563, 0.02255350801813709, 0.011276754009068544, 20220318, 16:48:00
1255, AAL, 16.7399, 16.732974761887444, 0.00398779043028769, 0.11284604913831986, 0.10156144422448787, 0.09027683931065589, 0.0789922343968239, 0.06770762948299192, 0.05642302456915993, 0.045138419655327944, 0.03385381474149596, 0.022569209827663972, 0.011284604913831986, 20220318, 16:49:00
1256, AAL, 16.74, 16.733044664754235, 0.004005121210472707, 0.11289764052907444, 0.10160787647616701, 0.09031811242325956, 0.07902834837035211, 0.06773858431744467, 0.05644882026453722, 0.04515905621162978, 0.033869292158722336, 0.02257952810581489, 0.011289764052907445, 20220318, 16:50:00
1257, AAL, 16.73, 16.733014369582552, -0.0017357851999531362, 0.11407853481124824, 0.10267068133012343, 0.0912628278489986, 0.07985497436787377, 0.06844712088674895, 0.05703926740562412, 0.0456314139244993, 0.034223560443374476, 0.02281570696224965, 0.011407853481124825, 20220318, 16:51:00
1258, AAL, 16.74, 16.733083878342924, 0.003982540917110201, 0.11465632002679964, 0.10319068802411968, 0.09172505602143971, 0.08025942401875974, 0.06879379201607978, 0.05732816001339982, 0.045862528010719855, 0.03439689600803989, 0.022931264005359928, 0.011465632002679964, 20220318, 16:52:00
1259, AAL, 16.74, 16.73315269547384, 0.003942914057107213, 0.11521513197072977, 0.10369361877365679, 0.09217210557658381, 0.08065059237951083, 0.06912907918243785, 0.057607565985364886, 0.046086052788291906, 0.034564539591218926, 0.023043026394145953, 0.011521513197072977, 20220318, 16:55:00
1260, AAL, 16.73, 16.733121325369623, -0.0017973741572133103, 0.11653462284614675, 0.10488116056153207, 0.0932276982769174, 0.08157423599230273, 0.06992077370768805, 0.05826731142307338, 0.0466138491384587, 0.034960386853844026, 0.02330692456922935, 0.011653462284614675, 20220318, 16:56:00
1261, AAL, 16.74, 16.733189769893308, 0.003921565547360428, 0.11703836193944, 0.105334525745496, 0.093630689551552, 0.081926853357608, 0.070223017163664, 0.05851918096972, 0.046815344775776, 0.035111508581832, 0.023407672387888, 0.011703836193944, 20220318, 17:01:00
1262, AAL, 16.74, 16.733257533376957, 0.0038825453888475165, 0.11697209799644995, 0.10527488819680494, 0.09357767839715996, 0.08188046859751497, 0.07018325879786996, 0.058486048998224974, 0.04678883919857998, 0.03509162939893498, 0.02339441959928999, 0.011697209799644994, 20220318, 17:07:00
1263, AAL, 16.73, 16.733225120109523, -0.0018571428577541075, 0.11836784132515227, 0.10653105719263704, 0.09469427306012182, 0.0828574889276066, 0.07102070479509137, 0.059183920662576134, 0.04734713653006091, 0.035510352397545686, 0.023673568265030455, 0.011836784132515227, 20220318, 17:08:00
1264, AAL, 16.73, 16.733193029362166, -0.0018386638660599674, 0.11950469834520304, 0.10755422851068273, 0.09560375867616243, 0.08365328884164212, 0.07170281900712182, 0.05975234917260152, 0.047801879338081214, 0.03585140950356091, 0.023900939669040607, 0.011950469834520304, 20220318, 17:12:00
1265, AAL, 16.74, 16.733260760413287, 0.003880687168315489, 0.11937438033361225, 0.10743694230025103, 0.0954995042668898, 0.08356206623352858, 0.07162462820016735, 0.059687190166806126, 0.0477497521334449, 0.035812314100083675, 0.02387487606672245, 0.011937438033361225, 20220318, 17:13:00
1266, AAL, 16.74, 16.7333278175236, 0.0038420737475543037, 0.11994466773929163, 0.10795020096536247, 0.0959557341914333, 0.08396126741750413, 0.07196680064357497, 0.059972333869645816, 0.04797786709571665, 0.035983400321787484, 0.023988933547858325, 0.011994466773929163, 20220318, 17:14:00
1267, AAL, 16.74, 16.733394207398987, 0.0038038445286388695, 0.11944514192443968, 0.10750062773199572, 0.09555611353955175, 0.08361159934710778, 0.07166708515466381, 0.05972257096221984, 0.047778056769775874, 0.03583354257733191, 0.023889028384887937, 0.011944514192443969, 20220318, 17:15:00
1268, AAL, 16.73, 16.733360434191038, -0.0019350614953375545, 0.1187414754539757, 0.10686732790857814, 0.09499318036318057, 0.08311903281778299, 0.07124488527238543, 0.05937073772698785, 0.04749659018159028, 0.035622442636192714, 0.02374829509079514, 0.01187414754539757, 20220318, 17:16:00
1269, AAL, 16.73, 16.733326997034908, -0.0019158071995149233, 0.117461443907365, 0.1057152995166285, 0.093969155125892, 0.0822230107351555, 0.070476866344419, 0.0587307219536825, 0.046984577562946, 0.0352384331722095, 0.023492288781473, 0.0117461443907365, 20220318, 17:19:00
1270, AAL, 16.74, 16.733393395074362, 0.003804312288935503, 0.1159880444624197, 0.10438924001617772, 0.09279043556993576, 0.08119163112369379, 0.06959282667745181, 0.05799402223120985, 0.04639521778496788, 0.03479641333872591, 0.02319760889248394, 0.01159880444624197, 20220318, 17:21:00
1271, AAL, 16.74, 16.733459132436806, 0.0037664587950857124, 0.11335915230516366, 0.1020232370746473, 0.09068732184413093, 0.07935140661361456, 0.0680154913830982, 0.05667957615258183, 0.04534366092206547, 0.0340077456915491, 0.022671830461032733, 0.011335915230516367, 20220318, 17:24:00
1272, AAL, 16.74, 16.733524215696143, 0.0037289819423805912, 0.11271228048042442, 0.10144105243238198, 0.09016982438433954, 0.0788985963362971, 0.06762736828825466, 0.05635614024021221, 0.04508491219216977, 0.03381368414412733, 0.022542456096084885, 0.011271228048042443, 20220318, 17:25:00
1273, AAL, 16.74, 16.733588651360858, 0.0036918779832233427, 0.11183880252631714, 0.10065492227368543, 0.08947104202105371, 0.078287161768422, 0.06710328151579029, 0.05591940126315857, 0.04473552101052686, 0.03355164075789514, 0.02236776050526343, 0.011183880252631714, 20220318, 17:26:00
1274, AAL, 16.73, 16.733552943387117, -0.0020459150638288425, 0.11307149182459617, 0.10176434264213655, 0.09045719345967693, 0.07915004427721731, 0.06784289509475769, 0.05653574591229808, 0.04522859672983846, 0.033921447547378844, 0.02261429836491923, 0.011307149182459616, 20220318, 17:28:00
1275, AAL, 16.7399, 16.733616098179287, 0.0036184903107939646, 0.11329476133094944, 0.1019652851978545, 0.09063580906475956, 0.07930633293166461, 0.06797685679856967, 0.05664738066547472, 0.04531790453237978, 0.033988428399284835, 0.02265895226618989, 0.011329476133094945, 20220318, 17:32:00
1276, AAL, 16.7399, 16.733678624565563, 0.0035824857416651705, 0.11379779485484957, 0.10241801536936462, 0.09103823588387966, 0.0796584563983947, 0.06827867691290974, 0.05689889742742479, 0.04551911794193983, 0.03413933845645487, 0.022759558970969915, 0.011379779485484957, 20220318, 17:34:00
1277, AAL, 16.74, 16.733741523823618, 0.00360384946305662, 0.11400175873254169, 0.10260158285928753, 0.09120140698603335, 0.07980123111277918, 0.06840105523952501, 0.057000879366270844, 0.045600703493016675, 0.03420052761976251, 0.022800351746508338, 0.011400175873254169, 20220318, 17:35:00
1278, AAL, 16.7399, 16.73380280219353, 0.003510980510369219, 0.11368115978459206, 0.10231304380613285, 0.09094492782767365, 0.07957681184921445, 0.06820869587075523, 0.05684057989229603, 0.04547246391383682, 0.034104347935377616, 0.02273623195691841, 0.011368115978459206, 20220318, 17:36:00
1279, AAL, 16.74, 16.733864465853294, 0.003533055737562503, 0.11334682210893604, 0.10201213989804243, 0.09067745768714883, 0.07934277547625522, 0.06800809326536161, 0.05667341105446802, 0.04533872884357441, 0.03400404663268081, 0.022669364421787207, 0.011334682210893603, 20220318, 17:44:00
1280, AAL, 16.74, 16.733925515944307, 0.0034979012424414084, 0.11368990656215411, 0.1023209159059387, 0.09095192524972329, 0.07958293459350788, 0.06821394393729246, 0.056844953281077054, 0.04547596262486164, 0.03410697196864623, 0.02273798131243082, 0.01136899065621541, 20220318, 17:53:00
1281, AAL, 16.7399, 16.733984963546852, 0.0034060864331581383, 0.11402998519624451, 0.10262698667662006, 0.0912239881569956, 0.07982098963737115, 0.0684179911177467, 0.057014992598122254, 0.0456119940784978, 0.03420899555887335, 0.0228059970392489, 0.01140299851962445, 20220318, 17:54:00
1282, AAL, 16.73, 16.733945312168277, -0.00227185465459089, 0.11484354573447414, 0.10335919116102672, 0.0918748365875793, 0.08039048201413189, 0.06890612744068447, 0.05742177286723707, 0.04593741829378965, 0.034453063720342236, 0.022968709146894827, 0.011484354573447413, 20220318, 17:57:00
1283, AAL, 16.73, 16.73390605533078, -0.002249249212347535, 0.1158288595693435, 0.10424597361240914, 0.09266308765547479, 0.08108020169854044, 0.06949731574160609, 0.05791442978467175, 0.046331543827737395, 0.03474865787080304, 0.023165771913868698, 0.011582885956934349, 20220318, 18:00:00
1284, AAL, 16.74, 16.733966691596148, 0.0034741910476002273, 0.1162493802322115, 0.10462444220899035, 0.0929995041857692, 0.08137456616254805, 0.0697496281393269, 0.05812469011610575, 0.0464997520928846, 0.03487481406966345, 0.0232498760464423, 0.01162493802322115, 20220318, 18:02:00
1285, AAL, 16.73, 16.733927222028026, -0.0022614377276878187, 0.11684730802920898, 0.10516257722628808, 0.09347784642336718, 0.08179311562044628, 0.07010838481752538, 0.05842365401460449, 0.04673892321168359, 0.03505419240876269, 0.023369461605841794, 0.011684730802920897, 20220318, 18:03:00
1286, AAL, 16.73, 16.733888145191926, -0.0022389359352249024, 0.11742152590161245, 0.1056793733114512, 0.09393722072128996, 0.08219506813112872, 0.07045291554096747, 0.058710762950806225, 0.04696861036064498, 0.035226457770483735, 0.02348430518032249, 0.011742152590161245, 20220318, 18:04:00
1287, AAL, 16.73, 16.733849457180067, -0.002216658039030695, 0.11837106522350938, 0.10653395870115843, 0.0946968521788075, 0.08285974565645655, 0.07102263913410561, 0.05918553261175469, 0.04734842608940375, 0.03551131956705281, 0.023674213044701874, 0.011837106522350937, 20220318, 18:05:00
1288, AAL, 16.73, 16.73381115412355, -0.002194601811287893, 0.11909633990094544, 0.10718670591085089, 0.09527707192075635, 0.08336743793066181, 0.07145780394056726, 0.05954816995047272, 0.047638535960378176, 0.03572890197028363, 0.023819267980189088, 0.011909633990094544, 20220318, 18:06:00
1289, AAL, 16.74, 16.733872734679537, 0.0035282942971500146, 0.1194736303519661, 0.1075262673167695, 0.09557890428157288, 0.08363154124637627, 0.07168417821117966, 0.05973681517598305, 0.04778945214078644, 0.03584208910558983, 0.02389472607039322, 0.01194736303519661, 20220318, 18:12:00
1290, AAL, 16.73, 16.733834200006108, -0.002207872429734277, 0.12037593885426456, 0.10833834496883811, 0.09630075108341166, 0.0842631571979852, 0.07222556331255875, 0.06018796942713228, 0.04815037554170583, 0.036112781656279375, 0.024075187770852914, 0.012037593885426457, 20220318, 18:13:00
1291, AAL, 16.73, 16.733796048762265, -0.0021859036201465, 0.1212239975306653, 0.10910159777759877, 0.09697919802453224, 0.08485679827146571, 0.07273439851839918, 0.06061199876533265, 0.04848959901226612, 0.03636719925919959, 0.02424479950613306, 0.01212239975306653, 20220318, 18:17:00
1292, AAL, 16.73, 16.73375827713279, -0.002164153403621622, 0.12172531002294282, 0.10955277902064853, 0.09738024801835425, 0.08520771701605998, 0.07303518601376568, 0.06086265501147141, 0.048690124009177126, 0.03651759300688284, 0.024345062004588563, 0.012172531002294281, 20220318, 18:18:00
1293, AAL, 16.74, 16.733820383827986, 0.0035584395003143937, 0.12060958127662523, 0.10854862314896271, 0.09648766502130018, 0.08442670689363765, 0.07236574876597514, 0.060304790638312615, 0.04824383251065009, 0.03618287438298757, 0.024121916255325046, 0.012060958127662523, 20220318, 18:19:00
1294, AAL, 16.73, 16.733782370058552, -0.0021780269475819257, 0.12114825654908407, 0.10903343089417565, 0.09691860523926725, 0.08480377958435885, 0.07268895392945043, 0.06057412827454203, 0.048459302619633625, 0.03634447696472522, 0.024229651309816812, 0.012114825654908406, 20220318, 18:22:00
1295, AAL, 16.74, 16.733844237023145, 0.0035447041101745614, 0.12146247378105698, 0.10931622640295129, 0.09716997902484559, 0.08502373164673989, 0.07287748426863419, 0.06073123689052849, 0.048584989512422794, 0.036438742134317095, 0.024292494756211397, 0.012146247378105698, 20220318, 18:23:00
1296, AAL, 16.73, 16.733805985908486, -0.0021916257738998344, 0.12179554231829531, 0.10961598808646579, 0.09743643385463625, 0.08525687962280672, 0.0730773253909772, 0.06089777115914766, 0.04871821692731813, 0.0365386626954886, 0.024359108463659063, 0.012179554231829532, 20220318, 18:27:00
1297, AAL, 16.73, 16.733768115401933, -0.0021698186210175863, 0.12207703825462735, 0.10986933442916462, 0.09766163060370188, 0.08545392677823914, 0.07324622295277641, 0.06103851912731367, 0.04883081530185094, 0.036623111476388207, 0.02441540765092547, 0.012207703825462735, 20220318, 18:29:00
1298, AAL, 16.74, 16.733830124203905, 0.0035528306978976918, 0.12225872351866804, 0.11003285116680123, 0.09780697881493443, 0.08558110646306763, 0.07335523411120082, 0.06112936175933402, 0.048903489407467214, 0.03667761705560041, 0.024451744703733607, 0.012225872351866804, 20220318, 18:30:00
1299, AAL, 16.73, 16.73379201351531, -0.002183579984826254, 0.12289913404841488, 0.1106092206435734, 0.0983193072387319, 0.08602939383389041, 0.07373948042904893, 0.06144956702420744, 0.04915965361936595, 0.036869740214524466, 0.024579826809682976, 0.012289913404841488, 20220318, 18:32:00
1300, AAL, 16.73, 16.733754282037545, -0.0021618528888445398, 0.12352660726553438, 0.11117394653898095, 0.09882128581242751, 0.08646862508587407, 0.07411596435932064, 0.06176330363276719, 0.049410642906213754, 0.03705798217966032, 0.024705321453106877, 0.012352660726553439, 20220318, 18:33:00
1301, AAL, 16.73, 16.73371692599737, -0.002140341980814211, 0.12414149948175585, 0.11172734953358025, 0.09931319958540467, 0.0868990496372291, 0.0744848996890535, 0.06207074974087792, 0.04965659979270234, 0.03724244984452675, 0.02482829989635117, 0.012414149948175584, 20220318, 18:45:00
1302, AAL, 16.73, 16.733679941659087, -0.0021190451098520766, 0.1247441532393053, 0.11226973791537476, 0.09979532259144423, 0.08732090726751371, 0.07484649194358317, 0.06237207661965265, 0.049897661295722116, 0.037423245971791586, 0.024948830647861058, 0.012474415323930529, 20220318, 18:46:00
1303, AAL, 16.74, 16.73374282781173, 0.0036030985874856247, 0.12452850245525457, 0.11207565220972912, 0.09962280196420366, 0.0871699517186782, 0.07471710147315275, 0.062264251227627285, 0.04981140098210183, 0.037358550736576374, 0.024905700491050915, 0.012452850245525457, 20220318, 18:47:00
1304, AAL, 16.74, 16.733805088231517, 0.0035672471660847618, 0.12431032623557285, 0.11187929361201557, 0.09944826098845828, 0.087017228364901, 0.07458619574134372, 0.062155163117786426, 0.04972413049422914, 0.03729309787067186, 0.02486206524711457, 0.012431032623557286, 20220318, 18:48:00
1305, AAL, 16.74, 16.733866729144637, 0.0035317524660429256, 0.12353021739470234, 0.1111771956552321, 0.09882417391576187, 0.08647115217629164, 0.0741181304368214, 0.06176510869735117, 0.049412086957880935, 0.0370590652184107, 0.024706043478940468, 0.012353021739470234, 20220318, 18:51:00
1306, AAL, 16.74, 16.73392775671534, 0.0034966109383623794, 0.12363928973068303, 0.11127536075761472, 0.09891143178454642, 0.08654750281147812, 0.07418357383840982, 0.061819644865341514, 0.04945571589227321, 0.03709178691920491, 0.024727857946136605, 0.012363928973068303, 20220318, 18:52:00
1307, AAL, 16.73, 16.73388867455897, -0.0022392407629965643, 0.12416519522242306, 0.11174867570018075, 0.09933215617793845, 0.08691563665569614, 0.07449911713345383, 0.06208259761121153, 0.04966607808896922, 0.03724955856672692, 0.02483303904448461, 0.012416519522242306, 20220318, 18:53:00
1308, AAL, 16.74, 16.733949483767336, 0.003484099840045608, 0.12437694816048878, 0.1119392533444399, 0.09950155852839102, 0.08706386371234213, 0.07462616889629325, 0.06218847408024439, 0.04975077926419551, 0.03731308444814663, 0.024875389632097754, 0.012437694816048877, 20220318, 18:56:00
1309, AAL, 16.74, 16.734009687908955, 0.0034494324563941327, 0.1244759760229504, 0.11202837842065536, 0.09958078081836032, 0.08713318321606528, 0.07468558561377024, 0.0622379880114752, 0.04979039040918016, 0.03734279280688512, 0.02489519520459008, 0.01244759760229504, 20220318, 18:57:00
1310, AAL, 16.73, 16.733969790516827, -0.002285950131562332, 0.12497595466803639, 0.11247835920123275, 0.09998076373442912, 0.08748316826762548, 0.07498557280082184, 0.062487977334018195, 0.04999038186721456, 0.03749278640041092, 0.02499519093360728, 0.01249759546680364, 20220318, 18:58:00
